date,item,quantity,notes
2026-07-06,Dal Makhani,12,
2026-07-06,Rajma Chawal,18,
2026-07-06,Aloo Paratha,21,
2026-07-06,Paneer Butter Masala,6,
2026-07-06,Gajar Halwa,3,
2026-07-07,Dal Makhani,9,
2026-07-07,Rajma Chawal,12,
2026-07-07,Aloo Paratha,14,
2026-07-07,Paneer Butter Masala,1,
2026-07-07,Gajar Halwa,4,
2026-07-08,Dal Makhani,10,
2026-07-08,Rajma Chawal,12,
2026-07-08,Aloo Paratha,11,
2026-07-08,Paneer Butter Masala,3,
2026-07-08,Gajar Halwa,3,
2026-07-09,Dal Makhani,5,
2026-07-09,Rajma Chawal,8,
2026-07-09,Aloo Paratha,8,
2026-07-09,Paneer Butter Masala,5,
2026-07-09,Gajar Halwa,0,
2026-07-10,Dal Makhani,12,
2026-07-10,Rajma Chawal,13,
2026-07-10,Aloo Paratha,15,
2026-07-10,Paneer Butter Masala,5,
2026-07-10,Gajar Halwa,1,
2026-07-11,Dal Makhani,7,
2026-07-11,Rajma Chawal,6,
2026-07-11,Aloo Paratha,25,
2026-07-11,Paneer Butter Masala,5,
2026-07-11,Gajar Halwa,3,
2026-07-12,Dal Makhani,11,
2026-07-12,Rajma Chawal,4,
2026-07-12,Aloo Paratha,35,
2026-07-12,Paneer Butter Masala,12,
2026-07-12,Gajar Halwa,3,
2026-07-13,Dal Makhani,8,
2026-07-13,Rajma Chawal,14,
2026-07-13,Aloo Paratha,20,
2026-07-13,Paneer Butter Masala,8,
2026-07-13,Gajar Halwa,2,
2026-07-14,Dal Makhani,8,
2026-07-14,Rajma Chawal,18,
2026-07-14,Aloo Paratha,14,
2026-07-14,Paneer Butter Masala,3,
2026-07-14,Gajar Halwa,0,
2026-07-15,Dal Makhani,10,
2026-07-15,Rajma Chawal,20,
2026-07-15,Aloo Paratha,14,
2026-07-15,Paneer Butter Masala,6,
2026-07-15,Gajar Halwa,0,
2026-07-16,Dal Makhani,10,
2026-07-16,Rajma Chawal,10,
2026-07-16,Aloo Paratha,18,
2026-07-16,Paneer Butter Masala,8,
2026-07-16,Gajar Halwa,2,
2026-07-17,Dal Makhani,11,
2026-07-17,Rajma Chawal,16,
2026-07-17,Aloo Paratha,13,
2026-07-17,Paneer Butter Masala,3,
2026-07-17,Gajar Halwa,0,
2026-07-18,Dal Makhani,13,
2026-07-18,Rajma Chawal,7,
2026-07-18,Aloo Paratha,22,
2026-07-18,Paneer Butter Masala,10,
2026-07-18,Gajar Halwa,2,
2026-07-19,Dal Makhani,8,
2026-07-19,Rajma Chawal,12,
2026-07-19,Aloo Paratha,21,
2026-07-19,Paneer Butter Masala,11,
2026-07-19,Gajar Halwa,1,
2026-07-20,Dal Makhani,14,
2026-07-20,Rajma Chawal,17,
2026-07-20,Aloo Paratha,8,
2026-07-20,Paneer Butter Masala,4,
2026-07-20,Gajar Halwa,6,
2026-07-21,Dal Makhani,12,
2026-07-21,Rajma Chawal,8,
2026-07-21,Aloo Paratha,14,
2026-07-21,Paneer Butter Masala,8,
2026-07-21,Gajar Halwa,0,
2026-07-22,Dal Makhani,14,
2026-07-22,Rajma Chawal,15,
2026-07-22,Aloo Paratha,16,
2026-07-22,Paneer Butter Masala,8,
2026-07-22,Gajar Halwa,1,
2026-07-23,Dal Makhani,6,
2026-07-23,Rajma Chawal,16,
2026-07-23,Aloo Paratha,18,
2026-07-23,Paneer Butter Masala,1,
2026-07-23,Gajar Halwa,0,
2026-07-24,Dal Makhani,13,
2026-07-24,Rajma Chawal,17,
2026-07-24,Aloo Paratha,16,
2026-07-24,Paneer Butter Masala,5,
2026-07-24,Gajar Halwa,2,
2026-07-25,Dal Makhani,9,
2026-07-25,Rajma Chawal,8,
2026-07-25,Aloo Paratha,12,
2026-07-25,Paneer Butter Masala,11,
2026-07-25,Gajar Halwa,3,
2026-07-26,Dal Makhani,0,closed - kitchen off
2026-07-26,Rajma Chawal,0,closed - kitchen off
2026-07-26,Aloo Paratha,0,closed - kitchen off
2026-07-26,Paneer Butter Masala,0,closed - kitchen off
2026-07-26,Gajar Halwa,0,closed - kitchen off
2026-07-27,Dal Makhani,6,
2026-07-27,Rajma Chawal,12,
2026-07-27,Aloo Paratha,14,
2026-07-27,Paneer Butter Masala,5,
2026-07-27,Gajar Halwa,1,
2026-07-28,Dal Makhani,18,
2026-07-28,Rajma Chawal,18,
2026-07-28,Aloo Paratha,11,
2026-07-28,Paneer Butter Masala,4,
2026-07-28,Gajar Halwa,1,
2026-07-29,Dal Makhani,13,
2026-07-29,Rajma Chawal,15,
2026-07-29,Aloo Paratha,13,
2026-07-29,Paneer Butter Masala,8,
2026-07-29,Gajar Halwa,1,
2026-07-30,Dal Makhani,6,
2026-07-30,Rajma Chawal,11,
2026-07-30,Aloo Paratha,13,
2026-07-30,Paneer Butter Masala,7,
2026-07-30,Gajar Halwa,1,
2026-07-31,Dal Makhani,14,
2026-07-31,Rajma Chawal,14,
2026-07-31,Aloo Paratha,11,
2026-07-31,Paneer Butter Masala,7,
2026-07-31,Gajar Halwa,0,
2026-08-01,Dal Makhani,12,
2026-08-01,Rajma Chawal,7,
2026-08-01,Aloo Paratha,13,
2026-08-01,Paneer Butter Masala,10,
2026-08-01,Gajar Halwa,5,
2026-08-02,Dal Makhani,9,
2026-08-02,Rajma Chawal,12,
2026-08-02,Aloo Paratha,23,
2026-08-02,Paneer Butter Masala,6,
2026-08-02,Gajar Halwa,5,
2026-08-03,Dal Makhani,5,
2026-08-03,Rajma Chawal,13,
2026-08-03,Aloo Paratha,21,
2026-08-03,Paneer Butter Masala,8,
2026-08-03,Gajar Halwa,0,
2026-08-04,Dal Makhani,13,
2026-08-04,Rajma Chawal,12,
2026-08-04,Aloo Paratha,9,
2026-08-04,Paneer Butter Masala,9,
2026-08-04,Gajar Halwa,2,
2026-08-05,Dal Makhani,11,
2026-08-05,Rajma Chawal,16,
2026-08-05,Aloo Paratha,18,
2026-08-05,Paneer Butter Masala,7,
2026-08-05,Gajar Halwa,1,
2026-08-06,Dal Makhani,5,
2026-08-06,Rajma Chawal,8,
2026-08-06,Aloo Paratha,14,
2026-08-06,Paneer Butter Masala,2,
2026-08-06,Gajar Halwa,0,
2026-08-07,Dal Makhani,10,
2026-08-07,Rajma Chawal,12,
2026-08-07,Aloo Paratha,18,
2026-08-07,Paneer Butter Masala,7,
2026-08-07,Gajar Halwa,2,
2026-08-08,Dal Makhani,3,
2026-08-08,Rajma Chawal,5,
2026-08-08,Aloo Paratha,34,
2026-08-08,Paneer Butter Masala,7,
2026-08-08,Gajar Halwa,3,
2026-08-09,Dal Makhani,18,
2026-08-09,Rajma Chawal,6,
2026-08-09,Aloo Paratha,23,
2026-08-09,Paneer Butter Masala,13,
2026-08-09,Gajar Halwa,3,
2026-08-10,Dal Makhani,5,
2026-08-10,Rajma Chawal,10,
2026-08-10,Aloo Paratha,25,
2026-08-10,Paneer Butter Masala,4,
2026-08-10,Gajar Halwa,2,
2026-08-11,Dal Makhani,13,
2026-08-11,Rajma Chawal,18,
2026-08-11,Aloo Paratha,12,
2026-08-11,Paneer Butter Masala,6,
2026-08-11,Gajar Halwa,2,
2026-08-12,Dal Makhani,13,
2026-08-12,Rajma Chawal,17,
2026-08-12,Aloo Paratha,12,
2026-08-12,Paneer Butter Masala,9,
2026-08-12,Gajar Halwa,0,
2026-08-13,Dal Makhani,8,
2026-08-13,Rajma Chawal,14,
2026-08-13,Aloo Paratha,10,
2026-08-13,Paneer Butter Masala,7,
2026-08-13,Gajar Halwa,5,
2026-08-14,Dal Makhani,11,
2026-08-14,Rajma Chawal,15,
2026-08-14,Aloo Paratha,16,
2026-08-14,Paneer Butter Masala,12,
2026-08-14,Gajar Halwa,2,
2026-08-15,Dal Makhani,25,Independence Day
2026-08-15,Rajma Chawal,16,Independence Day
2026-08-15,Aloo Paratha,33,Independence Day
2026-08-15,Paneer Butter Masala,18,Independence Day
2026-08-15,Gajar Halwa,6,Independence Day
2026-08-16,Dal Makhani,11,
2026-08-16,Rajma Chawal,9,
2026-08-16,Aloo Paratha,38,party order 18 plates
2026-08-16,Paneer Butter Masala,8,
2026-08-16,Gajar Halwa,0,
2026-08-17,Dal Makhani,13,
2026-08-17,Rajma Chawal,6,
2026-08-17,Aloo Paratha,23,
2026-08-17,Paneer Butter Masala,6,
2026-08-17,Gajar Halwa,2,
2026-08-18,Dal Makhani,12,
2026-08-18,Rajma Chawal,10,
2026-08-18,Aloo Paratha,17,
2026-08-18,Paneer Butter Masala,12,
2026-08-18,Gajar Halwa,2,
2026-08-19,Dal Makhani,8,
2026-08-19,Rajma Chawal,12,
2026-08-19,Aloo Paratha,10,
2026-08-19,Paneer Butter Masala,4,
2026-08-19,Gajar Halwa,1,
2026-08-20,Dal Makhani,11,
2026-08-20,Rajma Chawal,15,
2026-08-20,Aloo Paratha,11,
2026-08-20,Paneer Butter Masala,13,
2026-08-20,Gajar Halwa,1,
2026-08-21,Dal Makhani,12,
2026-08-21,Rajma Chawal,10,
2026-08-21,Aloo Paratha,25,
2026-08-21,Paneer Butter Masala,5,
2026-08-21,Gajar Halwa,0,
2026-08-22,Dal Makhani,9,
2026-08-22,Rajma Chawal,9,
2026-08-22,Aloo Paratha,25,
2026-08-22,Paneer Butter Masala,10,
2026-08-22,Gajar Halwa,5,
2026-08-23,Dal Makhani,12,
2026-08-23,Rajma Chawal,8,
2026-08-23,Aloo Paratha,37,
2026-08-23,Paneer Butter Masala,6,
2026-08-23,Gajar Halwa,1,
2026-08-24,Dal Makhani,3,
2026-08-24,Rajma Chawal,17,
2026-08-24,Aloo Paratha,15,
2026-08-24,Paneer Butter Masala,9,
2026-08-24,Gajar Halwa,2,
2026-08-25,Dal Makhani,7,
2026-08-25,Rajma Chawal,9,
2026-08-25,Aloo Paratha,14,
2026-08-25,Paneer Butter Masala,10,
2026-08-25,Gajar Halwa,0,
2026-08-26,Dal Makhani,8,
2026-08-26,Rajma Chawal,15,
2026-08-26,Aloo Paratha,17,
2026-08-26,Paneer Butter Masala,2,
2026-08-26,Gajar Halwa,1,
2026-08-27,Dal Makhani,13,
2026-08-27,Rajma Chawal,12,
2026-08-27,Aloo Paratha,13,
2026-08-27,Paneer Butter Masala,2,
2026-08-27,Gajar Halwa,3,
2026-08-28,Dal Makhani,17,Raksha Bandhan
2026-08-28,Rajma Chawal,24,Raksha Bandhan
2026-08-28,Aloo Paratha,14,Raksha Bandhan
2026-08-28,Paneer Butter Masala,12,Raksha Bandhan
2026-08-28,Gajar Halwa,2,Raksha Bandhan
2026-08-29,Dal Makhani,9,
2026-08-29,Rajma Chawal,7,
2026-08-29,Aloo Paratha,13,
2026-08-29,Paneer Butter Masala,7,
2026-08-29,Gajar Halwa,4,
2026-08-30,Dal Makhani,15,
2026-08-30,Rajma Chawal,8,
2026-08-30,Aloo Paratha,24,
2026-08-30,Paneer Butter Masala,7,
2026-08-30,Gajar Halwa,2,
2026-08-31,Dal Makhani,16,
2026-08-31,Rajma Chawal,13,
2026-08-31,Aloo Paratha,15,
2026-08-31,Paneer Butter Masala,6,
2026-08-31,Gajar Halwa,2,
2026-09-01,Dal Makhani,11,
2026-09-01,Rajma Chawal,12,
2026-09-01,Aloo Paratha,20,
2026-09-01,Paneer Butter Masala,6,
2026-09-01,Gajar Halwa,0,
2026-09-02,Dal Makhani,12,
2026-09-02,Rajma Chawal,20,
2026-09-02,Aloo Paratha,13,
2026-09-02,Paneer Butter Masala,8,
2026-09-02,Gajar Halwa,6,
2026-09-03,Dal Makhani,11,
2026-09-03,Rajma Chawal,19,
2026-09-03,Aloo Paratha,16,
2026-09-03,Paneer Butter Masala,8,
2026-09-03,Gajar Halwa,5,
2026-09-04,Dal Makhani,19,Janmashtami
2026-09-04,Rajma Chawal,16,Janmashtami
2026-09-04,Aloo Paratha,14,Janmashtami
2026-09-04,Paneer Butter Masala,12,Janmashtami
2026-09-04,Gajar Halwa,10,Janmashtami
2026-09-05,Dal Makhani,18,
2026-09-05,Rajma Chawal,8,
2026-09-05,Aloo Paratha,34,
2026-09-05,Paneer Butter Masala,8,
2026-09-05,Gajar Halwa,8,
2026-09-06,Dal Makhani,19,
2026-09-06,Rajma Chawal,9,
2026-09-06,Aloo Paratha,18,
2026-09-06,Paneer Butter Masala,11,
2026-09-06,Gajar Halwa,2,
2026-09-07,Dal Makhani,7,
2026-09-07,Rajma Chawal,12,
2026-09-07,Aloo Paratha,10,
2026-09-07,Paneer Butter Masala,10,
2026-09-07,Gajar Halwa,1,
2026-09-08,Dal Makhani,9,
2026-09-08,Rajma Chawal,15,
2026-09-08,Aloo Paratha,11,
2026-09-08,Paneer Butter Masala,7,
2026-09-08,Gajar Halwa,5,
2026-09-09,Dal Makhani,0,closed - kitchen off
2026-09-09,Rajma Chawal,0,closed - kitchen off
2026-09-09,Aloo Paratha,0,closed - kitchen off
2026-09-09,Paneer Butter Masala,0,closed - kitchen off
2026-09-09,Gajar Halwa,0,closed - kitchen off
2026-09-10,Dal Makhani,10,
2026-09-10,Rajma Chawal,11,
2026-09-10,Aloo Paratha,13,
2026-09-10,Paneer Butter Masala,9,
2026-09-10,Gajar Halwa,6,
2026-09-11,Dal Makhani,14,
2026-09-11,Rajma Chawal,10,
2026-09-11,Aloo Paratha,9,
2026-09-11,Paneer Butter Masala,8,
2026-09-11,Gajar Halwa,5,
2026-09-12,Dal Makhani,14,
2026-09-12,Rajma Chawal,6,
2026-09-12,Aloo Paratha,25,
2026-09-12,Paneer Butter Masala,15,
2026-09-12,Gajar Halwa,4,
2026-09-13,Dal Makhani,17,
2026-09-13,Rajma Chawal,7,
2026-09-13,Aloo Paratha,31,
2026-09-13,Paneer Butter Masala,16,
2026-09-13,Gajar Halwa,6,
2026-09-14,Dal Makhani,11,Ganesh Chaturthi
2026-09-14,Rajma Chawal,25,Ganesh Chaturthi
2026-09-14,Aloo Paratha,18,Ganesh Chaturthi
2026-09-14,Paneer Butter Masala,11,Ganesh Chaturthi
2026-09-14,Gajar Halwa,5,Ganesh Chaturthi
2026-09-15,Dal Makhani,14,
2026-09-15,Rajma Chawal,11,
2026-09-15,Aloo Paratha,18,
2026-09-15,Paneer Butter Masala,8,
2026-09-15,Gajar Halwa,4,
2026-09-16,Dal Makhani,14,
2026-09-16,Rajma Chawal,11,
2026-09-16,Aloo Paratha,18,
2026-09-16,Paneer Butter Masala,8,
2026-09-16,Gajar Halwa,5,
2026-09-17,Dal Makhani,5,
2026-09-17,Rajma Chawal,11,
2026-09-17,Aloo Paratha,13,
2026-09-17,Paneer Butter Masala,8,
2026-09-17,Gajar Halwa,3,
2026-09-18,Dal Makhani,7,
2026-09-18,Rajma Chawal,17,
2026-09-18,Aloo Paratha,19,
2026-09-18,Paneer Butter Masala,11,
2026-09-18,Gajar Halwa,5,
2026-09-19,Dal Makhani,14,
2026-09-19,Rajma Chawal,16,
2026-09-19,Aloo Paratha,20,
2026-09-19,Paneer Butter Masala,9,
2026-09-19,Gajar Halwa,9,
2026-09-20,Dal Makhani,12,
2026-09-20,Rajma Chawal,5,
2026-09-20,Aloo Paratha,26,
2026-09-20,Paneer Butter Masala,9,
2026-09-20,Gajar Halwa,3,
2026-09-21,Dal Makhani,13,
2026-09-21,Rajma Chawal,43,party order 24 plates
2026-09-21,Aloo Paratha,14,
2026-09-21,Paneer Butter Masala,10,
2026-09-21,Gajar Halwa,2,
2026-09-22,Dal Makhani,6,
2026-09-22,Rajma Chawal,16,
2026-09-22,Aloo Paratha,15,
2026-09-22,Paneer Butter Masala,8,
2026-09-22,Gajar Halwa,4,
2026-09-23,Dal Makhani,15,
2026-09-23,Rajma Chawal,19,
2026-09-23,Aloo Paratha,10,
2026-09-23,Paneer Butter Masala,9,
2026-09-23,Gajar Halwa,4,
2026-09-24,Dal Makhani,5,
2026-09-24,Rajma Chawal,14,
2026-09-24,Aloo Paratha,11,
2026-09-24,Paneer Butter Masala,10,
2026-09-24,Gajar Halwa,7,
2026-09-25,Dal Makhani,8,
2026-09-25,Rajma Chawal,10,
2026-09-25,Aloo Paratha,13,
2026-09-25,Paneer Butter Masala,11,
2026-09-25,Gajar Halwa,11,
2026-09-26,Dal Makhani,20,
2026-09-26,Rajma Chawal,10,
2026-09-26,Aloo Paratha,17,
2026-09-26,Paneer Butter Masala,11,
2026-09-26,Gajar Halwa,5,
2026-09-27,Dal Makhani,13,
2026-09-27,Rajma Chawal,4,
2026-09-27,Aloo Paratha,30,
2026-09-27,Paneer Butter Masala,12,
2026-09-27,Gajar Halwa,6,
2026-09-28,Dal Makhani,7,
2026-09-28,Rajma Chawal,19,
2026-09-28,Aloo Paratha,24,
2026-09-28,Paneer Butter Masala,4,
2026-09-28,Gajar Halwa,3,
2026-09-29,Dal Makhani,12,
2026-09-29,Rajma Chawal,18,
2026-09-29,Aloo Paratha,14,
2026-09-29,Paneer Butter Masala,4,
2026-09-29,Gajar Halwa,5,
2026-09-30,Dal Makhani,16,
2026-09-30,Rajma Chawal,9,
2026-09-30,Aloo Paratha,15,
2026-09-30,Paneer Butter Masala,8,
2026-09-30,Gajar Halwa,6,
2026-10-01,Dal Makhani,10,
2026-10-01,Rajma Chawal,15,
2026-10-01,Aloo Paratha,13,
2026-10-01,Paneer Butter Masala,16,
2026-10-01,Gajar Halwa,7,
2026-10-02,Dal Makhani,17,Gandhi Jayanti
2026-10-02,Rajma Chawal,17,Gandhi Jayanti
2026-10-02,Aloo Paratha,17,Gandhi Jayanti
2026-10-02,Paneer Butter Masala,42,party order 20 plates
2026-10-02,Gajar Halwa,24,Gandhi Jayanti
2026-10-03,Dal Makhani,23,
2026-10-03,Rajma Chawal,6,
2026-10-03,Aloo Paratha,19,
2026-10-03,Paneer Butter Masala,11,
2026-10-03,Gajar Halwa,10,
