Date,Dish,Qty,Notes
22/07/2026,dal makhani,3,less spicy
22/07/2026,dal makhani,1,extra butter
22/07/2026,dal makhani,2,pickup 1pm
22/07/2026,rajma chawal,4,repeat customer
22/07/2026,Rajma Chawal,2,
22/07/2026,Rajma Chawal,4,less spicy
22/07/2026,rajma chawal,2,
22/07/2026,rajma chawal,1,deliver to Sector 22
22/07/2026,Rajma chawal,3,"no onion, no garlic"
22/07/2026,rajma chawal,1,repeat customer
22/07/2026,ALOO PARATHA,2,office tiffin
22/07/2026,ALOO PARATHA,1,
22/07/2026,aloo paratha,4,less spicy
22/07/2026,aloo paratha,1,
22/07/2026,aloo paratha,1,repeat customer
22/07/2026,aloo paratha,1,
22/07/2026,ALOO PARATHA,1,
22/07/2026,Paneer Butter Masala,4,
22/07/2026,Paneer Butter Masala,2,office tiffin
22/07/2026,Paneer Butter Masala,2,pickup 1pm
22/07/2026,kadhi chawal,2,less spicy
22/07/2026,Kadhi Chawal,2,
22/07/2026,kadhi chawal,2,deliver to Sector 22
22/07/2026,Kadhi Chawal,1,
22/07/2026,Kadhi Chawal,1,office tiffin
23/07/2026,dal makhani,2,office tiffin
23/07/2026,Dal Makhani,2,pickup 1pm
23/07/2026, DAL MAKHANI ,4,less spicy
23/07/2026,Dal Makhani,3,less spicy
23/07/2026,rajma chawal,1,office tiffin
23/07/2026,Rajma Chawal,2,"no onion, no garlic"
23/07/2026,Rajma Chawal,2,repeat customer
23/07/2026,Rajma chawal,2,less spicy
23/07/2026,rajma chawal,3,
23/07/2026,rajma chawal,1,"no onion, no garlic"
23/07/2026,rajma chawal,1,
23/07/2026,aloo paratha,1,extra butter
23/07/2026,ALOO PARATHA,2,"no onion, no garlic"
23/07/2026,ALOO PARATHA,1,deliver to Sector 22
23/07/2026,aloo paratha,2,
23/07/2026,Aloo Paratha,4,deliver to Sector 22
23/07/2026,aloo paratha,2,
23/07/2026,ALOO PARATHA,4,"no onion, no garlic"
23/07/2026,paneer butter masala,3,repeat customer
23/07/2026,kadhi chawal,2,deliver to Sector 22
23/07/2026,kadhi chawal,2,pickup 1pm
23/07/2026,Kadhi Chawal,2,
24/07/2026,dal makhani,1,
24/07/2026, DAL MAKHANI ,3,deliver to Sector 22
24/07/2026,Dal Makhani,3,
24/07/2026,dal makhani,2,pickup 1pm
24/07/2026,Dal Makhani,2,"no onion, no garlic"
24/07/2026,Dal Makhani,2,
24/07/2026,Dal Makhani,3,extra butter
24/07/2026,rajma chawal,4,pickup 1pm
24/07/2026,rajma chawal,2,office tiffin
24/07/2026,Rajma Chawal,1,
24/07/2026,ALOO PARATHA,4,
24/07/2026,Aloo Paratha,2,less spicy
24/07/2026,ALOO PARATHA,2,"no onion, no garlic"
24/07/2026,ALOO PARATHA,1,"no onion, no garlic"
24/07/2026,ALOO PARATHA,1,"no onion, no garlic"
24/07/2026,ALOO PARATHA,1,
24/07/2026,Paneer Butter Masala,4,office tiffin
24/07/2026,Paneer Butter Masala,1,deliver to Sector 22
24/07/2026,paneer butter masala,1,deliver to Sector 22
24/07/2026,kadhi chawal,2,pickup 1pm
24/07/2026,kadhi chawal,2,repeat customer
25/07/2026, DAL MAKHANI ,1,extra butter
25/07/2026, DAL MAKHANI ,2,repeat customer
25/07/2026,Dal Makhani,1,
25/07/2026,dal makhani,1,pickup 1pm
25/07/2026,Dal Makhani,3,repeat customer
25/07/2026,Dal Makhani,2,
25/07/2026,dal makhani,2,
25/07/2026, DAL MAKHANI ,1,
25/07/2026,Dal Makhani,1,
25/07/2026, DAL MAKHANI ,2,office tiffin
25/07/2026,Rajma chawal,2,repeat customer
25/07/2026,rajma chawal,2,"no onion, no garlic"
25/07/2026,Rajma Chawal,1,
25/07/2026,Rajma Chawal,2,office tiffin
25/07/2026,rajma chawal,1,repeat customer
25/07/2026,aloo paratha,4,pickup 1pm
25/07/2026,ALOO PARATHA,2,deliver to Sector 22
25/07/2026,Aloo Paratha,2,less spicy
25/07/2026,ALOO PARATHA,2,
25/07/2026,ALOO PARATHA,1,extra butter
25/07/2026,aloo paratha,1,office tiffin
25/07/2026,Paneer Butter Masala,1,extra butter
25/07/2026,Paneer Butter Masala,1,
25/07/2026,paneer butter masala,2,office tiffin
25/07/2026,Paneer Butter Masala,2,
25/07/2026,Paneer Butter Masala,3,office tiffin
25/07/2026,Kadhi Chawal,4,
26/07/2026,Dal Makhani,1,"no onion, no garlic"
26/07/2026,Dal Makhani,2,repeat customer
26/07/2026, DAL MAKHANI ,1,"no onion, no garlic"
26/07/2026,dal makhani,3,extra butter
26/07/2026,Dal Makhani,1,repeat customer
26/07/2026,dal makhani,2,
26/07/2026, DAL MAKHANI ,1,
26/07/2026,dal makhani,3,repeat customer
26/07/2026, DAL MAKHANI ,2,
26/07/2026,Rajma chawal,1,"no onion, no garlic"
26/07/2026,Rajma Chawal,2,
26/07/2026,Rajma chawal,3,
26/07/2026,aloo paratha,2,deliver to Sector 22
26/07/2026,ALOO PARATHA,1,deliver to Sector 22
26/07/2026,Aloo Paratha,3,repeat customer
26/07/2026,aloo paratha,2,"no onion, no garlic"
26/07/2026,Aloo Paratha,2,less spicy
26/07/2026,Aloo Paratha,1,office tiffin
26/07/2026,ALOO PARATHA,3,
26/07/2026,aloo paratha,2,"no onion, no garlic"
26/07/2026,paneer butter masala,3,
26/07/2026,paneer butter masala,1,less spicy
26/07/2026,Paneer Butter Masala,2,
26/07/2026,paneer butter masala,2,deliver to Sector 22
26/07/2026,paneer butter masala,2,
26/07/2026,Paneer Butter Masala,2,"no onion, no garlic"
26/07/2026,paneer butter masala,1,
26/07/2026,Kadhi Chawal,2,repeat customer
26/07/2026,Kadhi Chawal,2,deliver to Sector 22
26/07/2026,Kadhi Chawal,1,
27/07/2026,dal makhani,1,
27/07/2026,Dal Makhani,1,office tiffin
27/07/2026, DAL MAKHANI ,2,extra butter
27/07/2026, DAL MAKHANI ,1,
27/07/2026,Dal Makhani,1,deliver to Sector 22
27/07/2026,Dal Makhani,1,repeat customer
27/07/2026,dal makhani,2,deliver to Sector 22
27/07/2026,Dal Makhani,1,
27/07/2026,Rajma Chawal,2,repeat customer
27/07/2026,Rajma Chawal,2,
27/07/2026,Rajma chawal,1,pickup 1pm
27/07/2026,rajma chawal,4,pickup 1pm
27/07/2026,Rajma Chawal,2,deliver to Sector 22
27/07/2026,aloo paratha,1,pickup 1pm
27/07/2026,ALOO PARATHA,2,extra butter
27/07/2026,ALOO PARATHA,3,less spicy
27/07/2026,Aloo Paratha,1,"no onion, no garlic"
27/07/2026,aloo paratha,3,repeat customer
27/07/2026,Aloo Paratha,2,
27/07/2026,aloo paratha,2,
27/07/2026,paneer butter masala,1,pickup 1pm
27/07/2026,paneer butter masala,3,
27/07/2026,paneer butter masala,2,
27/07/2026,paneer butter masala,2,extra butter
27/07/2026,kadhi chawal,4,repeat customer
27/07/2026,Kadhi Chawal,2,deliver to Sector 22
27/07/2026,kadhi chawal,4,repeat customer
28/07/2026, DAL MAKHANI ,1,less spicy
28/07/2026,Dal Makhani,2,less spicy
28/07/2026,dal makhani,1,
28/07/2026, DAL MAKHANI ,3,extra butter
28/07/2026,Dal Makhani,3,
28/07/2026, DAL MAKHANI ,2,"no onion, no garlic"
28/07/2026,Rajma Chawal,1,deliver to Sector 22
28/07/2026,rajma chawal,3,deliver to Sector 22
28/07/2026,rajma chawal,2,less spicy
28/07/2026,Rajma chawal,2,
28/07/2026,Rajma Chawal,4,pickup 1pm
28/07/2026,rajma chawal,1,deliver to Sector 22
28/07/2026,Aloo Paratha,3,
28/07/2026,aloo paratha,1,repeat customer
28/07/2026,ALOO PARATHA,3,
28/07/2026,ALOO PARATHA,2,less spicy
28/07/2026,ALOO PARATHA,2,"no onion, no garlic"
28/07/2026,Aloo Paratha,1,office tiffin
28/07/2026,aloo paratha,1,pickup 1pm
28/07/2026,Paneer Butter Masala,3,extra butter
28/07/2026,Paneer Butter Masala,1,
28/07/2026,paneer butter masala,3,repeat customer
28/07/2026,Paneer Butter Masala,3,less spicy
28/07/2026,kadhi chawal,3,"no onion, no garlic"
28/07/2026,kadhi chawal,3,
28/07/2026,Kadhi Chawal,1,less spicy
29/07/2026, DAL MAKHANI ,2,extra butter
29/07/2026,Dal Makhani,1,office tiffin
29/07/2026,Dal Makhani,2,
29/07/2026,Dal Makhani,4,repeat customer
29/07/2026,dal makhani,2,
29/07/2026,rajma chawal,2,
29/07/2026,Rajma chawal,1,"no onion, no garlic"
29/07/2026,rajma chawal,3,office tiffin
29/07/2026,rajma chawal,2,repeat customer
29/07/2026,rajma chawal,2,office tiffin
29/07/2026,Aloo Paratha,2,extra butter
29/07/2026,ALOO PARATHA,2,
29/07/2026,ALOO PARATHA,3,pickup 1pm
29/07/2026,aloo paratha,1,extra butter
29/07/2026,Paneer Butter Masala,4,
29/07/2026,paneer butter masala,1,
29/07/2026,Kadhi Chawal,2,"no onion, no garlic"
29/07/2026,kadhi chawal,2,office tiffin
29/07/2026,Kadhi Chawal,2,
30/07/2026,dal makhani,1,
30/07/2026, DAL MAKHANI ,2,
30/07/2026, DAL MAKHANI ,2,
30/07/2026,Dal Makhani,1,deliver to Sector 22
30/07/2026,Dal Makhani,2,
30/07/2026,dal makhani,2,
30/07/2026, DAL MAKHANI ,1,
30/07/2026, DAL MAKHANI ,1,extra butter
30/07/2026,rajma chawal,1,less spicy
30/07/2026,rajma chawal,1,
30/07/2026,rajma chawal,1,repeat customer
30/07/2026,Rajma chawal,3,extra butter
30/07/2026,Rajma Chawal,3,office tiffin
30/07/2026,Rajma chawal,2,pickup 1pm
30/07/2026,Rajma chawal,1,
30/07/2026,Aloo Paratha,1,deliver to Sector 22
30/07/2026,ALOO PARATHA,2,
30/07/2026,ALOO PARATHA,4,
30/07/2026,Aloo Paratha,2,
30/07/2026,Aloo Paratha,2,
30/07/2026,Aloo Paratha,2,
30/07/2026,paneer butter masala,2,office tiffin
30/07/2026,paneer butter masala,3,deliver to Sector 22
30/07/2026,Paneer Butter Masala,1,
30/07/2026,Paneer Butter Masala,2,extra butter
30/07/2026,Paneer Butter Masala,2,less spicy
30/07/2026,Paneer Butter Masala,1,pickup 1pm
30/07/2026,Kadhi Chawal,1,
30/07/2026,Kadhi Chawal,3,
30/07/2026,Kadhi Chawal,4,"no onion, no garlic"
31/07/2026,Dal Makhani,2,"no onion, no garlic"
31/07/2026, DAL MAKHANI ,3,office tiffin
31/07/2026,Dal Makhani,2,less spicy
31/07/2026,Rajma Chawal,4,extra butter
31/07/2026,Rajma Chawal,2,
31/07/2026,Rajma chawal,2,"no onion, no garlic"
31/07/2026,rajma chawal,1,repeat customer
31/07/2026,Rajma Chawal,2,deliver to Sector 22
31/07/2026,rajma chawal,2,pickup 1pm
31/07/2026,rajma chawal,1,less spicy
31/07/2026,Rajma chawal,2,office tiffin
31/07/2026,aloo paratha,4,
31/07/2026,ALOO PARATHA,2,extra butter
31/07/2026,ALOO PARATHA,1,
31/07/2026,aloo paratha,3,
31/07/2026,Paneer Butter Masala,1,less spicy
31/07/2026,paneer butter masala,4,
31/07/2026,paneer butter masala,1,
31/07/2026,Kadhi Chawal,1,extra butter
31/07/2026,Kadhi Chawal,2,
01/08/2026, DAL MAKHANI ,3,repeat customer
01/08/2026, DAL MAKHANI ,1,extra butter
01/08/2026,dal makhani,2,"no onion, no garlic"
01/08/2026, DAL MAKHANI ,2,
01/08/2026,dal makhani,2,pickup 1pm
01/08/2026, DAL MAKHANI ,2,repeat customer
01/08/2026,Dal Makhani,1,repeat customer
01/08/2026,dal makhani,2,
01/08/2026,Dal Makhani,1,extra butter
01/08/2026,dal makhani,3,less spicy
01/08/2026,Rajma Chawal,3,
01/08/2026,Rajma Chawal,3,
01/08/2026,rajma chawal,1,
01/08/2026,aloo paratha,2,deliver to Sector 22
01/08/2026,Aloo Paratha,2,less spicy
01/08/2026,aloo paratha,3,extra butter
01/08/2026,aloo paratha,2,"no onion, no garlic"
01/08/2026,Aloo Paratha,2,
01/08/2026,aloo paratha,2,extra butter
01/08/2026,ALOO PARATHA,2,repeat customer
01/08/2026,Aloo Paratha,3,pickup 1pm
01/08/2026,aloo paratha,3,repeat customer
01/08/2026,ALOO PARATHA,2,repeat customer
01/08/2026,aloo paratha,1,
01/08/2026,Aloo Paratha,3,less spicy
01/08/2026,paneer butter masala,2,repeat customer
01/08/2026,paneer butter masala,2,office tiffin
01/08/2026,Paneer Butter Masala,1,pickup 1pm
01/08/2026,Paneer Butter Masala,2,less spicy
01/08/2026,Paneer Butter Masala,1,office tiffin
01/08/2026,paneer butter masala,1,pickup 1pm
01/08/2026,kadhi chawal,2,extra butter
01/08/2026,Kadhi Chawal,1,deliver to Sector 22
02/08/2026,dal makhani,4,extra butter
02/08/2026,Dal Makhani,2,office tiffin
02/08/2026,dal makhani,2,repeat customer
02/08/2026, DAL MAKHANI ,1,pickup 1pm
02/08/2026,Rajma Chawal,2,pickup 1pm
02/08/2026,rajma chawal,3,extra butter
02/08/2026,Aloo Paratha,2,extra butter
02/08/2026,aloo paratha,1,
02/08/2026,ALOO PARATHA,2,pickup 1pm
02/08/2026,aloo paratha,1,
02/08/2026,Aloo Paratha,1,
02/08/2026,ALOO PARATHA,1,
02/08/2026,ALOO PARATHA,4,"no onion, no garlic"
02/08/2026,Aloo Paratha,1,
02/08/2026,aloo paratha,4,less spicy
02/08/2026,ALOO PARATHA,1,"no onion, no garlic"
02/08/2026,Aloo Paratha,4,less spicy
02/08/2026,aloo paratha,1,repeat customer
02/08/2026,aloo paratha,2,deliver to Sector 22
02/08/2026,paneer butter masala,2,pickup 1pm
02/08/2026,paneer butter masala,2,deliver to Sector 22
02/08/2026,Paneer Butter Masala,1,
02/08/2026,paneer butter masala,4,office tiffin
02/08/2026,paneer butter masala,2,extra butter
02/08/2026,Paneer Butter Masala,2,
02/08/2026,Kadhi Chawal,4,repeat customer
03/08/2026, DAL MAKHANI ,2,deliver to Sector 22
03/08/2026,dal makhani,4,less spicy
03/08/2026, DAL MAKHANI ,2,office tiffin
03/08/2026, DAL MAKHANI ,1,office tiffin
03/08/2026,rajma chawal,2,office tiffin
03/08/2026,rajma chawal,4,"no onion, no garlic"
03/08/2026,Rajma chawal,2,
03/08/2026,rajma chawal,2,
03/08/2026,rajma chawal,2,less spicy
03/08/2026,rajma chawal,2,
03/08/2026,ALOO PARATHA,1,extra butter
03/08/2026,ALOO PARATHA,1,less spicy
03/08/2026,Aloo Paratha,3,extra butter
03/08/2026,Aloo Paratha,3,extra butter
03/08/2026,Aloo Paratha,1,extra butter
03/08/2026,Aloo Paratha,2,less spicy
03/08/2026,paneer butter masala,4,
03/08/2026,Paneer Butter Masala,1,
03/08/2026,kadhi chawal,4,"no onion, no garlic"
03/08/2026,Kadhi Chawal,1,"no onion, no garlic"
04/08/2026, DAL MAKHANI ,3,
04/08/2026,dal makhani,2,
04/08/2026,Dal Makhani,4,pickup 1pm
04/08/2026,Dal Makhani,2,deliver to Sector 22
04/08/2026,rajma chawal,3,
04/08/2026,Rajma Chawal,2,
04/08/2026,Rajma chawal,2,deliver to Sector 22
04/08/2026,aloo paratha,2,
04/08/2026,aloo paratha,4,deliver to Sector 22
04/08/2026,Aloo Paratha,1,repeat customer
04/08/2026,ALOO PARATHA,1,pickup 1pm
04/08/2026,Paneer Butter Masala,1,
04/08/2026,paneer butter masala,1,
04/08/2026,kadhi chawal,2,extra butter
04/08/2026,kadhi chawal,2,
04/08/2026,kadhi chawal,1,office tiffin
05/08/2026,Dal Makhani,1,
05/08/2026,dal makhani,4,
05/08/2026, DAL MAKHANI ,2,office tiffin
05/08/2026,Rajma Chawal,3,repeat customer
05/08/2026,Rajma chawal,2,deliver to Sector 22
05/08/2026,rajma chawal,1,deliver to Sector 22
05/08/2026,Rajma Chawal,2,repeat customer
05/08/2026,rajma chawal,1,
05/08/2026,Rajma Chawal,1,
05/08/2026,rajma chawal,3,office tiffin
05/08/2026,Rajma Chawal,2,"no onion, no garlic"
05/08/2026,Rajma chawal,2,
05/08/2026,ALOO PARATHA,4,
05/08/2026,ALOO PARATHA,4,
05/08/2026,aloo paratha,3,deliver to Sector 22
05/08/2026,Paneer Butter Masala,2,extra butter
05/08/2026,paneer butter masala,2,extra butter
05/08/2026,Kadhi Chawal,2,
05/08/2026,kadhi chawal,2,office tiffin
05/08/2026,Kadhi Chawal,3,
05/08/2026,Kadhi Chawal,2,extra butter
06/08/2026, DAL MAKHANI ,4,extra butter
06/08/2026, DAL MAKHANI ,2,less spicy
06/08/2026,Rajma chawal,2,
06/08/2026,rajma chawal,4,deliver to Sector 22
06/08/2026,rajma chawal,1,"no onion, no garlic"
06/08/2026,Rajma chawal,2,office tiffin
06/08/2026,Rajma Chawal,2,"no onion, no garlic"
06/08/2026,aloo paratha,3,deliver to Sector 22
06/08/2026,Aloo Paratha,3,
06/08/2026,ALOO PARATHA,2,"no onion, no garlic"
06/08/2026,aloo paratha,2,extra butter
06/08/2026,ALOO PARATHA,2,less spicy
06/08/2026,ALOO PARATHA,2,
06/08/2026,aloo paratha,1,
06/08/2026,paneer butter masala,1,
06/08/2026,paneer butter masala,2,less spicy
06/08/2026,Paneer Butter Masala,4,pickup 1pm
06/08/2026,paneer butter masala,1,
06/08/2026,Paneer Butter Masala,1,deliver to Sector 22
06/08/2026,kadhi chawal,1,
06/08/2026,kadhi chawal,1,
06/08/2026,Kadhi Chawal,3,pickup 1pm
07/08/2026, DAL MAKHANI ,2,
07/08/2026, DAL MAKHANI ,4,less spicy
07/08/2026, DAL MAKHANI ,2,extra butter
07/08/2026, DAL MAKHANI ,2,repeat customer
07/08/2026,Rajma chawal,1,
07/08/2026,Rajma chawal,2,pickup 1pm
07/08/2026,Rajma Chawal,4,"no onion, no garlic"
07/08/2026,Rajma Chawal,2,repeat customer
07/08/2026,Rajma chawal,2,
07/08/2026,Rajma Chawal,3,
07/08/2026,Rajma Chawal,1,office tiffin
07/08/2026,Aloo Paratha,2,pickup 1pm
07/08/2026,ALOO PARATHA,1,"no onion, no garlic"
07/08/2026,ALOO PARATHA,2,extra butter
07/08/2026,aloo paratha,1,less spicy
07/08/2026,Aloo Paratha,4,extra butter
07/08/2026,aloo paratha,1,
07/08/2026,aloo paratha,2,
07/08/2026,aloo paratha,2,
07/08/2026,ALOO PARATHA,2,repeat customer
07/08/2026,aloo paratha,2,extra butter
07/08/2026,aloo paratha,1,"no onion, no garlic"
07/08/2026,Aloo Paratha,1,"no onion, no garlic"
07/08/2026,paneer butter masala,2,deliver to Sector 22
07/08/2026,paneer butter masala,2,
07/08/2026,paneer butter masala,1,office tiffin
07/08/2026,paneer butter masala,2,less spicy
07/08/2026,paneer butter masala,4,deliver to Sector 22
07/08/2026,Paneer Butter Masala,1,deliver to Sector 22
07/08/2026,Paneer Butter Masala,1,
07/08/2026,kadhi chawal,3,
08/08/2026, DAL MAKHANI ,2,
08/08/2026, DAL MAKHANI ,2,office tiffin
08/08/2026,Dal Makhani,4,deliver to Sector 22
08/08/2026,dal makhani,1,office tiffin
08/08/2026,rajma chawal,2,"no onion, no garlic"
08/08/2026,Rajma Chawal,1,
08/08/2026,Aloo Paratha,2,
08/08/2026,aloo paratha,4,"no onion, no garlic"
08/08/2026,Aloo Paratha,4,
08/08/2026,aloo paratha,1,office tiffin
08/08/2026,ALOO PARATHA,1,"no onion, no garlic"
08/08/2026,ALOO PARATHA,1,
08/08/2026,Aloo Paratha,2,pickup 1pm
08/08/2026,aloo paratha,3,deliver to Sector 22
08/08/2026,ALOO PARATHA,2,
08/08/2026,aloo paratha,1,
08/08/2026,paneer butter masala,2,"no onion, no garlic"
08/08/2026,paneer butter masala,4,
08/08/2026,Paneer Butter Masala,1,less spicy
08/08/2026,paneer butter masala,2,
08/08/2026,Paneer Butter Masala,2,repeat customer
08/08/2026,Paneer Butter Masala,2,
08/08/2026,kadhi chawal,2,
08/08/2026,Kadhi Chawal,1,"no onion, no garlic"
08/08/2026,Kadhi Chawal,1,pickup 1pm
09/08/2026,dal makhani,2,repeat customer
09/08/2026,Dal Makhani,3,extra butter
09/08/2026,dal makhani,2,
09/08/2026,dal makhani,3,less spicy
09/08/2026,dal makhani,1,extra butter
09/08/2026,dal makhani,1,less spicy
09/08/2026, DAL MAKHANI ,2,
09/08/2026,dal makhani,2,extra butter
09/08/2026,dal makhani,1,less spicy
09/08/2026,Rajma chawal,2,extra butter
09/08/2026,Rajma Chawal,3,
09/08/2026,Rajma Chawal,1,"no onion, no garlic"
09/08/2026,rajma chawal,2,
09/08/2026,Rajma chawal,2,deliver to Sector 22
09/08/2026,Aloo Paratha,4,"no onion, no garlic"
09/08/2026,aloo paratha,1,repeat customer
09/08/2026,aloo paratha,4,
09/08/2026,ALOO PARATHA,2,pickup 1pm
09/08/2026,ALOO PARATHA,2,pickup 1pm
09/08/2026,Aloo Paratha,2,
09/08/2026,aloo paratha,1,office tiffin
09/08/2026,aloo paratha,2,"no onion, no garlic"
09/08/2026,ALOO PARATHA,2,"no onion, no garlic"
09/08/2026,Paneer Butter Masala,2,
09/08/2026,Paneer Butter Masala,3,repeat customer
09/08/2026,kadhi chawal,3,
09/08/2026,Kadhi Chawal,1,
10/08/2026, DAL MAKHANI ,4,
10/08/2026,Dal Makhani,1,extra butter
10/08/2026,Rajma Chawal,2,deliver to Sector 22
10/08/2026,Rajma Chawal,3,pickup 1pm
10/08/2026,Rajma chawal,2,extra butter
10/08/2026,Rajma chawal,1,deliver to Sector 22
10/08/2026,rajma chawal,2,
10/08/2026,Rajma chawal,2,deliver to Sector 22
10/08/2026,Rajma Chawal,1,deliver to Sector 22
10/08/2026,Aloo Paratha,2,
10/08/2026,ALOO PARATHA,1,"no onion, no garlic"
10/08/2026,aloo paratha,4,
10/08/2026,ALOO PARATHA,2,less spicy
10/08/2026,ALOO PARATHA,1,office tiffin
10/08/2026,paneer butter masala,1,
10/08/2026,paneer butter masala,2,repeat customer
10/08/2026,kadhi chawal,4,extra butter
11/08/2026,dal makhani,1,less spicy
11/08/2026,dal makhani,2,pickup 1pm
11/08/2026, DAL MAKHANI ,3,less spicy
11/08/2026, DAL MAKHANI ,1,extra butter
11/08/2026,dal makhani,1,office tiffin
11/08/2026, DAL MAKHANI ,2,office tiffin
11/08/2026,dal makhani,1,extra butter
11/08/2026,rajma chawal,1,
11/08/2026,rajma chawal,2,less spicy
11/08/2026,Rajma chawal,4,
11/08/2026,rajma chawal,1,repeat customer
11/08/2026,Rajma Chawal,2,repeat customer
11/08/2026,Rajma chawal,1,
11/08/2026,Rajma Chawal,2,pickup 1pm
11/08/2026,ALOO PARATHA,4,office tiffin
11/08/2026,ALOO PARATHA,2,deliver to Sector 22
11/08/2026,Aloo Paratha,2,
11/08/2026,ALOO PARATHA,2,deliver to Sector 22
11/08/2026,Paneer Butter Masala,2,"no onion, no garlic"
11/08/2026,Paneer Butter Masala,2,"no onion, no garlic"
11/08/2026,Paneer Butter Masala,1,office tiffin
11/08/2026,Paneer Butter Masala,3,
11/08/2026,Kadhi Chawal,2,less spicy
11/08/2026,Kadhi Chawal,1,
11/08/2026,kadhi chawal,3,extra butter
11/08/2026,Kadhi Chawal,1,pickup 1pm
12/08/2026,Dal Makhani,4,office tiffin
12/08/2026,dal makhani,4,
12/08/2026,Dal Makhani,2,pickup 1pm
12/08/2026,dal makhani,1,extra butter
12/08/2026,Rajma chawal,2,"no onion, no garlic"
12/08/2026,rajma chawal,1,pickup 1pm
12/08/2026,Rajma Chawal,1,
12/08/2026,rajma chawal,4,
12/08/2026,Rajma Chawal,2,office tiffin
12/08/2026,ALOO PARATHA,1,
12/08/2026,ALOO PARATHA,2,
12/08/2026,aloo paratha,2,extra butter
12/08/2026,ALOO PARATHA,2,"no onion, no garlic"
12/08/2026,Aloo Paratha,1,office tiffin
12/08/2026,aloo paratha,1,
12/08/2026,aloo paratha,1,less spicy
12/08/2026,Aloo Paratha,2,
12/08/2026,ALOO PARATHA,4,extra butter
12/08/2026,ALOO PARATHA,1,less spicy
12/08/2026,Paneer Butter Masala,3,deliver to Sector 22
12/08/2026,Paneer Butter Masala,2,
12/08/2026,Paneer Butter Masala,1,"no onion, no garlic"
12/08/2026,paneer butter masala,4,
12/08/2026,kadhi chawal,2,
12/08/2026,kadhi chawal,1,pickup 1pm
12/08/2026,kadhi chawal,1,
12/08/2026,kadhi chawal,2,"no onion, no garlic"
12/08/2026,kadhi chawal,2,
12/08/2026,Kadhi Chawal,1,extra butter
13/08/2026, DAL MAKHANI ,2,pickup 1pm
13/08/2026,Dal Makhani,3,less spicy
13/08/2026,dal makhani,2,
13/08/2026,Dal Makhani,2,extra butter
13/08/2026,dal makhani,2,
13/08/2026, DAL MAKHANI ,2,
13/08/2026,Rajma Chawal,3,"no onion, no garlic"
13/08/2026,Rajma Chawal,3,less spicy
13/08/2026,Rajma Chawal,2,
13/08/2026,Rajma chawal,2,
13/08/2026,rajma chawal,2,less spicy
13/08/2026,Rajma Chawal,2,less spicy
13/08/2026,Rajma chawal,2,deliver to Sector 22
13/08/2026,Rajma Chawal,2,less spicy
13/08/2026,ALOO PARATHA,3,
13/08/2026,Aloo Paratha,1,less spicy
13/08/2026,aloo paratha,2,deliver to Sector 22
13/08/2026,aloo paratha,1,extra butter
13/08/2026,Aloo Paratha,3,deliver to Sector 22
13/08/2026,aloo paratha,1,office tiffin
13/08/2026,ALOO PARATHA,2,
13/08/2026,paneer butter masala,2,
13/08/2026,Paneer Butter Masala,2,office tiffin
13/08/2026,Kadhi Chawal,2,extra butter
13/08/2026,Kadhi Chawal,2,extra butter
14/08/2026,dal makhani,2,
14/08/2026,dal makhani,2,
14/08/2026,dal makhani,1,
14/08/2026,dal makhani,1,deliver to Sector 22
14/08/2026,rajma chawal,3,
14/08/2026,Rajma chawal,1,
14/08/2026,Rajma Chawal,2,extra butter
14/08/2026,Rajma Chawal,4,deliver to Sector 22
14/08/2026,rajma chawal,2,
14/08/2026,Rajma chawal,2,extra butter
14/08/2026,rajma chawal,2,extra butter
14/08/2026,Rajma chawal,1,
14/08/2026,Rajma Chawal,1,repeat customer
14/08/2026,ALOO PARATHA,3,deliver to Sector 22
14/08/2026,ALOO PARATHA,1,
14/08/2026,Aloo Paratha,4,repeat customer
14/08/2026,Aloo Paratha,2,
14/08/2026,paneer butter masala,4,
14/08/2026,Paneer Butter Masala,2,
14/08/2026,Paneer Butter Masala,4,repeat customer
14/08/2026,Paneer Butter Masala,2,repeat customer
14/08/2026,Kadhi Chawal,2,less spicy
14/08/2026,Kadhi Chawal,1,office tiffin
14/08/2026,kadhi chawal,4,office tiffin
15/08/2026,Dal Makhani,2,Independence Day
15/08/2026,dal makhani,2,Independence Day
15/08/2026,dal makhani,2,
15/08/2026,Dal Makhani,1,Independence Day
15/08/2026,dal makhani,1,
15/08/2026, DAL MAKHANI ,4,Independence Day
15/08/2026, DAL MAKHANI ,1,
15/08/2026,dal makhani,2,
15/08/2026, DAL MAKHANI ,1,Independence Day
15/08/2026,Dal Makhani,2,Independence Day
15/08/2026, DAL MAKHANI ,1,Independence Day
15/08/2026, DAL MAKHANI ,1,
15/08/2026,Rajma Chawal,3,deliver to Sector 22
15/08/2026,Rajma chawal,2,"no onion, no garlic"
15/08/2026,Rajma Chawal,2,Independence Day
15/08/2026,rajma chawal,4,Independence Day
15/08/2026,Rajma chawal,1,Independence Day
15/08/2026,aloo paratha,2,
15/08/2026,Aloo Paratha,2,extra butter
15/08/2026,ALOO PARATHA,2,"no onion, no garlic"
15/08/2026,Aloo Paratha,3,repeat customer
15/08/2026,aloo paratha,1,Independence Day
15/08/2026,aloo paratha,1,Independence Day
15/08/2026,ALOO PARATHA,1,Independence Day
15/08/2026,aloo paratha,1,Independence Day
15/08/2026,aloo paratha,1,Independence Day
15/08/2026,aloo paratha,1,Independence Day
15/08/2026,Paneer Butter Masala,3,extra butter
15/08/2026,paneer butter masala,2,"no onion, no garlic"
15/08/2026,paneer butter masala,3,"no onion, no garlic"
15/08/2026,paneer butter masala,1,Independence Day
15/08/2026,Paneer Butter Masala,1,
15/08/2026,paneer butter masala,3,Independence Day
15/08/2026,Paneer Butter Masala,3,Independence Day
15/08/2026,Paneer Butter Masala,2,Independence Day
15/08/2026,paneer butter masala,1,office tiffin
15/08/2026,kadhi chawal,3,Independence Day
16/08/2026,dal makhani,1,deliver to Sector 22
16/08/2026, DAL MAKHANI ,1,deliver to Sector 22
16/08/2026,Dal Makhani,2,"no onion, no garlic"
16/08/2026, DAL MAKHANI ,4,pickup 1pm
16/08/2026, DAL MAKHANI ,2,
16/08/2026, DAL MAKHANI ,2,less spicy
16/08/2026,Dal Makhani,1,less spicy
16/08/2026,Rajma Chawal,2,pickup 1pm
16/08/2026,rajma chawal,3,less spicy
16/08/2026,Rajma Chawal,2,
16/08/2026,Rajma Chawal,1,"no onion, no garlic"
16/08/2026,ALOO PARATHA,2,less spicy
16/08/2026,ALOO PARATHA,1,
16/08/2026,Aloo Paratha,4,office tiffin
16/08/2026,aloo paratha,4,"no onion, no garlic"
16/08/2026,ALOO PARATHA,1,"no onion, no garlic"
16/08/2026,Aloo Paratha,4,office tiffin
16/08/2026,ALOO PARATHA,3,
16/08/2026,Aloo Paratha,1,
16/08/2026,ALOO PARATHA,1,extra butter
16/08/2026,Aloo Paratha,2,office tiffin
16/08/2026,ALOO PARATHA,1,less spicy
16/08/2026,paneer butter masala,2,deliver to Sector 22
16/08/2026,paneer butter masala,4,
16/08/2026,Paneer Butter Masala,1,
16/08/2026,Paneer Butter Masala,3,less spicy
16/08/2026,Paneer Butter Masala,2,office tiffin
16/08/2026,paneer butter masala,3,
16/08/2026,Kadhi Chawal,3,"no onion, no garlic"
16/08/2026,kadhi chawal,1,repeat customer
17/08/2026,Dal Makhani,1,
17/08/2026,Dal Makhani,1,"no onion, no garlic"
17/08/2026,dal makhani,2,
17/08/2026,dal makhani,4,
17/08/2026, DAL MAKHANI ,1,extra butter
17/08/2026,Dal Makhani,1,
17/08/2026,Rajma chawal,1,repeat customer
17/08/2026,Rajma chawal,3,less spicy
17/08/2026,rajma chawal,2,less spicy
17/08/2026,rajma chawal,2,less spicy
17/08/2026,rajma chawal,4,
17/08/2026,rajma chawal,1,deliver to Sector 22
17/08/2026,ALOO PARATHA,1,
17/08/2026,aloo paratha,4,repeat customer
17/08/2026,aloo paratha,2,repeat customer
17/08/2026,Aloo Paratha,1,
17/08/2026,ALOO PARATHA,1,deliver to Sector 22
17/08/2026,Paneer Butter Masala,3,
17/08/2026,Paneer Butter Masala,2,deliver to Sector 22
17/08/2026,Paneer Butter Masala,2,
17/08/2026,Kadhi Chawal,2,repeat customer
17/08/2026,Kadhi Chawal,1,office tiffin
18/08/2026,dal makhani,2,
18/08/2026, DAL MAKHANI ,1,
18/08/2026,Dal Makhani,4,
18/08/2026,dal makhani,1,"no onion, no garlic"
18/08/2026, DAL MAKHANI ,2,extra butter
18/08/2026,Dal Makhani,1,
18/08/2026,Dal Makhani,1,repeat customer
18/08/2026, DAL MAKHANI ,2,
18/08/2026,Dal Makhani,1,pickup 1pm
18/08/2026,rajma chawal,2,
18/08/2026,Rajma Chawal,2,less spicy
18/08/2026,Rajma chawal,1,
18/08/2026,rajma chawal,2,
18/08/2026,Rajma Chawal,2,
18/08/2026,aloo paratha,4,
18/08/2026,Aloo Paratha,2,deliver to Sector 22
18/08/2026,Aloo Paratha,2,
18/08/2026,ALOO PARATHA,3,pickup 1pm
18/08/2026,aloo paratha,2,deliver to Sector 22
18/08/2026,Aloo Paratha,1,
18/08/2026,Aloo Paratha,1,"no onion, no garlic"
18/08/2026,Aloo Paratha,2,
18/08/2026,Paneer Butter Masala,3,office tiffin
18/08/2026,paneer butter masala,2,"no onion, no garlic"
18/08/2026,paneer butter masala,2,
18/08/2026,Paneer Butter Masala,1,deliver to Sector 22
18/08/2026,Kadhi Chawal,1,
18/08/2026,Kadhi Chawal,1,extra butter
18/08/2026,kadhi chawal,3,pickup 1pm
18/08/2026,kadhi chawal,3,extra butter
18/08/2026,Kadhi Chawal,2,
18/08/2026,Kadhi Chawal,2,deliver to Sector 22
19/08/2026, DAL MAKHANI ,4,repeat customer
19/08/2026, DAL MAKHANI ,4,extra butter
19/08/2026,Dal Makhani,1,
19/08/2026,rajma chawal,3,
19/08/2026,rajma chawal,2,
19/08/2026,rajma chawal,2,"no onion, no garlic"
19/08/2026,Rajma chawal,1,less spicy
19/08/2026,rajma chawal,2,pickup 1pm
19/08/2026,Rajma chawal,1,
19/08/2026,Rajma Chawal,1,
19/08/2026,aloo paratha,3,pickup 1pm
19/08/2026,ALOO PARATHA,3,repeat customer
19/08/2026,Aloo Paratha,2,
19/08/2026,Aloo Paratha,3,extra butter
19/08/2026,paneer butter masala,2,"no onion, no garlic"
19/08/2026,paneer butter masala,3,deliver to Sector 22
19/08/2026,Paneer Butter Masala,2,office tiffin
19/08/2026,Paneer Butter Masala,1,pickup 1pm
19/08/2026,Kadhi Chawal,2,
19/08/2026,kadhi chawal,2,extra butter
19/08/2026,kadhi chawal,3,repeat customer
19/08/2026,kadhi chawal,1,
19/08/2026,Kadhi Chawal,1,repeat customer
19/08/2026,Kadhi Chawal,2,
20/08/2026, DAL MAKHANI ,2,
20/08/2026,Dal Makhani,3,office tiffin
20/08/2026,Dal Makhani,2,
20/08/2026, DAL MAKHANI ,2,
20/08/2026, DAL MAKHANI ,2,less spicy
20/08/2026, DAL MAKHANI ,1,repeat customer
20/08/2026,dal makhani,1,"no onion, no garlic"
20/08/2026,dal makhani,1,less spicy
20/08/2026,dal makhani,1,pickup 1pm
20/08/2026,Rajma Chawal,1,"no onion, no garlic"
20/08/2026,rajma chawal,1,"no onion, no garlic"
20/08/2026,Rajma chawal,2,repeat customer
20/08/2026,rajma chawal,1,"no onion, no garlic"
20/08/2026,Rajma chawal,3,
20/08/2026,Rajma chawal,2,less spicy
20/08/2026,aloo paratha,1,repeat customer
20/08/2026,aloo paratha,1,"no onion, no garlic"
20/08/2026,ALOO PARATHA,1,less spicy
20/08/2026,Aloo Paratha,2,
20/08/2026,ALOO PARATHA,2,
20/08/2026,Aloo Paratha,4,"no onion, no garlic"
20/08/2026,paneer butter masala,2,"no onion, no garlic"
20/08/2026,paneer butter masala,2,repeat customer
20/08/2026,Kadhi Chawal,2,extra butter
20/08/2026,Kadhi Chawal,1,deliver to Sector 22
20/08/2026,Kadhi Chawal,2,"no onion, no garlic"
21/08/2026,Dal Makhani,2,
21/08/2026,Dal Makhani,2,pickup 1pm
21/08/2026, DAL MAKHANI ,2,
21/08/2026,dal makhani,3,extra butter
21/08/2026, DAL MAKHANI ,2,
21/08/2026,Rajma Chawal,1,pickup 1pm
21/08/2026,Rajma Chawal,2,office tiffin
21/08/2026,Rajma chawal,2,
21/08/2026,Rajma chawal,2,pickup 1pm
21/08/2026,Rajma chawal,1,
21/08/2026,Rajma chawal,3,
21/08/2026,rajma chawal,1,
21/08/2026,aloo paratha,2,deliver to Sector 22
21/08/2026,aloo paratha,2,
21/08/2026,ALOO PARATHA,1,extra butter
21/08/2026,aloo paratha,2,
21/08/2026,ALOO PARATHA,1,
21/08/2026,aloo paratha,2,less spicy
21/08/2026,Paneer Butter Masala,3,pickup 1pm
21/08/2026,paneer butter masala,1,
21/08/2026,paneer butter masala,3,
21/08/2026,Kadhi Chawal,1,"no onion, no garlic"
22/08/2026,dal makhani,2,office tiffin
22/08/2026,Dal Makhani,2,
22/08/2026,Dal Makhani,1,
22/08/2026, DAL MAKHANI ,1,
22/08/2026,dal makhani,2,
22/08/2026,dal makhani,2,"no onion, no garlic"
22/08/2026, DAL MAKHANI ,1,less spicy
22/08/2026,Rajma chawal,2,office tiffin
22/08/2026,Rajma chawal,1,"no onion, no garlic"
22/08/2026,Rajma chawal,3,less spicy
22/08/2026,Aloo Paratha,2,repeat customer
22/08/2026,aloo paratha,1,deliver to Sector 22
22/08/2026,Aloo Paratha,2,
22/08/2026,ALOO PARATHA,1,office tiffin
22/08/2026,Aloo Paratha,4,repeat customer
22/08/2026,aloo paratha,1,office tiffin
22/08/2026,ALOO PARATHA,1,
22/08/2026,ALOO PARATHA,2,pickup 1pm
22/08/2026,paneer butter masala,4,
22/08/2026,paneer butter masala,1,office tiffin
22/08/2026,Paneer Butter Masala,1,repeat customer
22/08/2026,kadhi chawal,3,
22/08/2026,kadhi chawal,3,
23/08/2026,Dal Makhani,2,"no onion, no garlic"
23/08/2026,Dal Makhani,3,repeat customer
23/08/2026,dal makhani,2,pickup 1pm
23/08/2026,Rajma chawal,2,
23/08/2026,Rajma chawal,1,extra butter
23/08/2026,Rajma chawal,1,extra butter
23/08/2026,rajma chawal,2,"no onion, no garlic"
23/08/2026,Rajma Chawal,1,repeat customer
23/08/2026,ALOO PARATHA,2,
23/08/2026,ALOO PARATHA,2,
23/08/2026,Aloo Paratha,1,office tiffin
23/08/2026,Aloo Paratha,2,
23/08/2026,ALOO PARATHA,3,pickup 1pm
23/08/2026,Aloo Paratha,2,
23/08/2026,aloo paratha,1,"no onion, no garlic"
23/08/2026,ALOO PARATHA,1,less spicy
23/08/2026,ALOO PARATHA,3,extra butter
23/08/2026,Aloo Paratha,2,deliver to Sector 22
23/08/2026,aloo paratha,1,office tiffin
23/08/2026,aloo paratha,2,"no onion, no garlic"
23/08/2026,Aloo Paratha,1,
23/08/2026,Paneer Butter Masala,3,extra butter
23/08/2026,paneer butter masala,2,
23/08/2026,paneer butter masala,3,
23/08/2026,Paneer Butter Masala,3,
23/08/2026,Paneer Butter Masala,2,
23/08/2026,paneer butter masala,2,deliver to Sector 22
23/08/2026,paneer butter masala,1,
23/08/2026,kadhi chawal,1,"no onion, no garlic"
23/08/2026,Kadhi Chawal,1,repeat customer
23/08/2026,Kadhi Chawal,1,less spicy
23/08/2026,kadhi chawal,2,deliver to Sector 22
23/08/2026,Kadhi Chawal,2,
24/08/2026,Dal Makhani,4,office tiffin
24/08/2026,Dal Makhani,3,"no onion, no garlic"
24/08/2026,Dal Makhani,1,
24/08/2026,Dal Makhani,4,
24/08/2026, DAL MAKHANI ,2,
24/08/2026,Rajma chawal,2,repeat customer
24/08/2026,Rajma Chawal,2,
24/08/2026,rajma chawal,2,"no onion, no garlic"
24/08/2026,Rajma Chawal,4,less spicy
24/08/2026,Rajma chawal,1,
24/08/2026,Rajma Chawal,4,extra butter
24/08/2026,Rajma Chawal,1,deliver to Sector 22
24/08/2026,ALOO PARATHA,4,deliver to Sector 22
24/08/2026,ALOO PARATHA,2,extra butter
24/08/2026,ALOO PARATHA,4,
24/08/2026,aloo paratha,1,extra butter
24/08/2026,paneer butter masala,2,
24/08/2026,Paneer Butter Masala,2,deliver to Sector 22
24/08/2026,Kadhi Chawal,1,less spicy
24/08/2026,kadhi chawal,2,
24/08/2026,Kadhi Chawal,4,less spicy
24/08/2026,kadhi chawal,1,
24/08/2026,Kadhi Chawal,2,extra butter
24/08/2026,Kadhi Chawal,2,repeat customer
24/08/2026,kadhi chawal,1,less spicy
25/08/2026,Dal Makhani,4,
25/08/2026,dal makhani,4,
25/08/2026,Rajma chawal,2,pickup 1pm
25/08/2026,Rajma Chawal,2,
25/08/2026,Rajma Chawal,2,
25/08/2026,Rajma chawal,1,extra butter
25/08/2026,Rajma chawal,1,
25/08/2026,Rajma Chawal,1,"no onion, no garlic"
25/08/2026,rajma chawal,2,
25/08/2026,Rajma chawal,3,"no onion, no garlic"
25/08/2026,Rajma Chawal,3,
25/08/2026,aloo paratha,2,
25/08/2026,Aloo Paratha,2,deliver to Sector 22
25/08/2026,aloo paratha,2,office tiffin
25/08/2026,Aloo Paratha,1,
25/08/2026,paneer butter masala,3,pickup 1pm
25/08/2026,Paneer Butter Masala,1,
25/08/2026,Paneer Butter Masala,2,
25/08/2026,kadhi chawal,2,pickup 1pm
25/08/2026,kadhi chawal,3,pickup 1pm
26/08/2026,dal makhani,2,repeat customer
26/08/2026,dal makhani,4,deliver to Sector 22
26/08/2026,Rajma chawal,2,deliver to Sector 22
26/08/2026,rajma chawal,4,repeat customer
26/08/2026,rajma chawal,3,extra butter
26/08/2026,rajma chawal,4,
26/08/2026,Rajma chawal,2,office tiffin
26/08/2026,ALOO PARATHA,1,
26/08/2026,ALOO PARATHA,3,
26/08/2026,ALOO PARATHA,1,
26/08/2026,aloo paratha,2,deliver to Sector 22
26/08/2026,ALOO PARATHA,3,
26/08/2026,aloo paratha,2,"no onion, no garlic"
26/08/2026,ALOO PARATHA,1,repeat customer
26/08/2026,paneer butter masala,3,
26/08/2026,Paneer Butter Masala,1,"no onion, no garlic"
26/08/2026,kadhi chawal,2,deliver to Sector 22
26/08/2026,kadhi chawal,1,"no onion, no garlic"
26/08/2026,Kadhi Chawal,4,
27/08/2026,Dal Makhani,2,
27/08/2026,dal makhani,2,
27/08/2026, DAL MAKHANI ,2,repeat customer
27/08/2026, DAL MAKHANI ,2,repeat customer
27/08/2026,Dal Makhani,1,office tiffin
27/08/2026,dal makhani,2,"no onion, no garlic"
27/08/2026,rajma chawal,1,"no onion, no garlic"
27/08/2026,Rajma Chawal,3,deliver to Sector 22
27/08/2026,Rajma Chawal,4,deliver to Sector 22
27/08/2026,Rajma chawal,2,
27/08/2026,rajma chawal,2,office tiffin
27/08/2026,Rajma Chawal,1,less spicy
27/08/2026,ALOO PARATHA,2,office tiffin
27/08/2026,Aloo Paratha,2,repeat customer
27/08/2026,aloo paratha,1,
27/08/2026,ALOO PARATHA,4,
27/08/2026,ALOO PARATHA,3,pickup 1pm
27/08/2026,ALOO PARATHA,1,deliver to Sector 22
27/08/2026,paneer butter masala,2,
27/08/2026,Paneer Butter Masala,2,pickup 1pm
27/08/2026,Paneer Butter Masala,4,
27/08/2026,Paneer Butter Masala,2,
27/08/2026,Paneer Butter Masala,2,office tiffin
27/08/2026,paneer butter masala,1,less spicy
27/08/2026,Paneer Butter Masala,2,
27/08/2026,kadhi chawal,2,office tiffin
27/08/2026,kadhi chawal,1,office tiffin
27/08/2026,Kadhi Chawal,3,
27/08/2026,Kadhi Chawal,3,
28/08/2026,dal makhani,1,office tiffin
28/08/2026, DAL MAKHANI ,3,less spicy
28/08/2026,Dal Makhani,1,repeat customer
28/08/2026, DAL MAKHANI ,1,less spicy
28/08/2026,dal makhani,4,
28/08/2026, DAL MAKHANI ,3,Raksha Bandhan
28/08/2026, DAL MAKHANI ,1,less spicy
28/08/2026, DAL MAKHANI ,2,Raksha Bandhan
28/08/2026, DAL MAKHANI ,4,Raksha Bandhan
28/08/2026,rajma chawal,1,
28/08/2026,Rajma Chawal,3,less spicy
28/08/2026,Rajma Chawal,2,office tiffin
28/08/2026,Rajma Chawal,2,Raksha Bandhan
28/08/2026,Rajma chawal,2,repeat customer
28/08/2026,Rajma chawal,2,
28/08/2026,rajma chawal,1,
28/08/2026,aloo paratha,1,Raksha Bandhan
28/08/2026,aloo paratha,2,Raksha Bandhan
28/08/2026,ALOO PARATHA,2,
28/08/2026,aloo paratha,1,office tiffin
28/08/2026,Aloo Paratha,2,
28/08/2026,ALOO PARATHA,2,Raksha Bandhan
28/08/2026,aloo paratha,4,repeat customer
28/08/2026,Aloo Paratha,2,Raksha Bandhan
28/08/2026,Paneer Butter Masala,2,deliver to Sector 22
28/08/2026,Paneer Butter Masala,2,
28/08/2026,paneer butter masala,4,
28/08/2026,Paneer Butter Masala,4,Raksha Bandhan
28/08/2026,Paneer Butter Masala,2,deliver to Sector 22
28/08/2026,paneer butter masala,1,Raksha Bandhan
28/08/2026,paneer butter masala,1,Raksha Bandhan
28/08/2026,Paneer Butter Masala,1,office tiffin
28/08/2026,Kadhi Chawal,2,
28/08/2026,Kadhi Chawal,1,Raksha Bandhan
28/08/2026,Kadhi Chawal,1,
28/08/2026,kadhi chawal,3,pickup 1pm
28/08/2026,kadhi chawal,1,repeat customer
28/08/2026,kadhi chawal,1,Raksha Bandhan
28/08/2026,Kadhi Chawal,1,Raksha Bandhan
29/08/2026,Dal Makhani,4,less spicy
29/08/2026,dal makhani,1,
29/08/2026,Dal Makhani,1,office tiffin
29/08/2026, DAL MAKHANI ,1,
29/08/2026,dal makhani,3,
29/08/2026,rajma chawal,2,deliver to Sector 22
29/08/2026,rajma chawal,2,"no onion, no garlic"
29/08/2026,Rajma Chawal,3,less spicy
29/08/2026,Rajma Chawal,2,"no onion, no garlic"
29/08/2026,Rajma Chawal,2,repeat customer
29/08/2026,Aloo Paratha,3,office tiffin
29/08/2026,Aloo Paratha,3,less spicy
29/08/2026,aloo paratha,2,less spicy
29/08/2026,aloo paratha,4,less spicy
29/08/2026,Aloo Paratha,1,
29/08/2026,ALOO PARATHA,1,
29/08/2026,Aloo Paratha,1,
29/08/2026,ALOO PARATHA,4,office tiffin
29/08/2026,Paneer Butter Masala,2,less spicy
29/08/2026,Paneer Butter Masala,3,extra butter
29/08/2026,paneer butter masala,3,
29/08/2026,Paneer Butter Masala,3,deliver to Sector 22
29/08/2026,paneer butter masala,1,"no onion, no garlic"
29/08/2026,Kadhi Chawal,3,extra butter
30/08/2026,dal makhani,4,office tiffin
30/08/2026, DAL MAKHANI ,4,office tiffin
30/08/2026,Dal Makhani,1,pickup 1pm
30/08/2026,Dal Makhani,3,"no onion, no garlic"
30/08/2026,Dal Makhani,1,pickup 1pm
30/08/2026,Rajma Chawal,2,extra butter
30/08/2026,Rajma chawal,4,repeat customer
30/08/2026,aloo paratha,2,extra butter
30/08/2026,Aloo Paratha,1,
30/08/2026,aloo paratha,3,
30/08/2026,Aloo Paratha,1,deliver to Sector 22
30/08/2026,aloo paratha,2,
30/08/2026,ALOO PARATHA,2,"no onion, no garlic"
30/08/2026,ALOO PARATHA,1,extra butter
30/08/2026,Aloo Paratha,2,office tiffin
30/08/2026,ALOO PARATHA,2,
30/08/2026,aloo paratha,2,less spicy
30/08/2026,aloo paratha,2,extra butter
30/08/2026,ALOO PARATHA,2,deliver to Sector 22
30/08/2026,aloo paratha,2,
30/08/2026,paneer butter masala,1,less spicy
30/08/2026,Paneer Butter Masala,3,"no onion, no garlic"
30/08/2026,Paneer Butter Masala,2,pickup 1pm
30/08/2026,Paneer Butter Masala,3,less spicy
30/08/2026,Paneer Butter Masala,1,extra butter
30/08/2026,kadhi chawal,2,
30/08/2026,kadhi chawal,2,
30/08/2026,kadhi chawal,2,deliver to Sector 22
30/08/2026,Kadhi Chawal,1,
31/08/2026,Dal Makhani,4,less spicy
31/08/2026, DAL MAKHANI ,1,
31/08/2026,Rajma chawal,4,office tiffin
31/08/2026,Rajma chawal,2,office tiffin
31/08/2026,rajma chawal,2,office tiffin
31/08/2026,aloo paratha,2,
31/08/2026,ALOO PARATHA,1,extra butter
31/08/2026,ALOO PARATHA,1,
31/08/2026,Aloo Paratha,1,less spicy
31/08/2026,Aloo Paratha,1,repeat customer
31/08/2026,Aloo Paratha,3,office tiffin
31/08/2026,aloo paratha,3,less spicy
31/08/2026,Aloo Paratha,1,
31/08/2026,paneer butter masala,3,
31/08/2026,paneer butter masala,4,repeat customer
31/08/2026,Paneer Butter Masala,1,extra butter
31/08/2026,Paneer Butter Masala,2,repeat customer
31/08/2026,paneer butter masala,2,
31/08/2026,Kadhi Chawal,1,"no onion, no garlic"
31/08/2026,Kadhi Chawal,3,less spicy
31/08/2026,Kadhi Chawal,1,
31/08/2026,kadhi chawal,2,
01/09/2026,dal makhani,2,less spicy
01/09/2026,Dal Makhani,4,
01/09/2026,rajma chawal,2,
01/09/2026,Rajma chawal,2,repeat customer
01/09/2026,rajma chawal,2,
01/09/2026,Rajma chawal,2,
01/09/2026,rajma chawal,1,
01/09/2026,rajma chawal,2,repeat customer
01/09/2026,ALOO PARATHA,2,
01/09/2026,Aloo Paratha,2,
01/09/2026,ALOO PARATHA,4,repeat customer
01/09/2026,aloo paratha,3,less spicy
01/09/2026,Aloo Paratha,1,repeat customer
01/09/2026,Paneer Butter Masala,4,
01/09/2026,Paneer Butter Masala,3,
01/09/2026,kadhi chawal,2,less spicy
01/09/2026,Kadhi Chawal,2,repeat customer
01/09/2026,Chole Bhature,2,
02/09/2026,dal makhani,1,less spicy
02/09/2026,dal makhani,2,
02/09/2026,Dal Makhani,2,
02/09/2026,rajma chawal,1,office tiffin
02/09/2026,Rajma chawal,1,deliver to Sector 22
02/09/2026,Rajma Chawal,2,
02/09/2026,Rajma Chawal,2,repeat customer
02/09/2026,Rajma Chawal,2,less spicy
02/09/2026,Rajma Chawal,1,office tiffin
02/09/2026,Aloo Paratha,3,extra butter
02/09/2026,aloo paratha,2,
02/09/2026,aloo paratha,2,
02/09/2026,Aloo Paratha,2,pickup 1pm
02/09/2026,Aloo Paratha,1,deliver to Sector 22
02/09/2026,aloo paratha,1,deliver to Sector 22
02/09/2026,paneer butter masala,1,pickup 1pm
02/09/2026,Paneer Butter Masala,1,
02/09/2026,Paneer Butter Masala,4,
02/09/2026,paneer butter masala,1,
02/09/2026,Paneer Butter Masala,3,repeat customer
02/09/2026,kadhi chawal,4,less spicy
02/09/2026,Chole Bhature,1,
02/09/2026,Chole Bhature,3,
03/09/2026,Dal Makhani,4,
03/09/2026,dal makhani,2,
03/09/2026,dal makhani,2,extra butter
03/09/2026,Dal Makhani,1,"no onion, no garlic"
03/09/2026,Rajma Chawal,3,
03/09/2026,Rajma Chawal,4,
03/09/2026,rajma chawal,3,office tiffin
03/09/2026,Rajma Chawal,1,"no onion, no garlic"
03/09/2026,Rajma chawal,1,
03/09/2026,ALOO PARATHA,4,
03/09/2026,Aloo Paratha,3,
03/09/2026,aloo paratha,4,pickup 1pm
03/09/2026,aloo paratha,4,"no onion, no garlic"
03/09/2026,ALOO PARATHA,1,
03/09/2026,paneer butter masala,1,
03/09/2026,Paneer Butter Masala,3,pickup 1pm
03/09/2026,Paneer Butter Masala,1,office tiffin
03/09/2026,Paneer Butter Masala,2,pickup 1pm
03/09/2026,Paneer Butter Masala,1,less spicy
03/09/2026,Paneer Butter Masala,2,repeat customer
03/09/2026,Paneer Butter Masala,16,"party order, 16 plates, kitty party"
03/09/2026,kadhi chawal,2,"no onion, no garlic"
03/09/2026,kadhi chawal,2,pickup 1pm
03/09/2026,Kadhi Chawal,1,
03/09/2026,kadhi chawal,4,"no onion, no garlic"
03/09/2026,kadhi chawal,2,
03/09/2026,Kadhi Chawal,1,deliver to Sector 22
03/09/2026,chole bhature,2,
03/09/2026,chole bhature,1,extra butter
05/09/2026, DAL MAKHANI ,2,
05/09/2026,Dal Makhani,2,"no onion, no garlic"
05/09/2026, DAL MAKHANI ,1,less spicy
05/09/2026,dal makhani,4,repeat customer
05/09/2026, DAL MAKHANI ,3,
05/09/2026,Rajma Chawal,2,"no onion, no garlic"
05/09/2026,Rajma Chawal,3,
05/09/2026,rajma chawal,2,repeat customer
05/09/2026,rajma chawal,2,repeat customer
05/09/2026,Rajma chawal,1,
05/09/2026,Aloo Paratha,2,
05/09/2026,ALOO PARATHA,2,office tiffin
05/09/2026,aloo paratha,1,office tiffin
05/09/2026,ALOO PARATHA,2,
05/09/2026,aloo paratha,4,
05/09/2026,aloo paratha,2,deliver to Sector 22
05/09/2026,Paneer Butter Masala,1,
05/09/2026,Paneer Butter Masala,1,pickup 1pm
05/09/2026,Paneer Butter Masala,2,office tiffin
05/09/2026,paneer butter masala,2,office tiffin
05/09/2026,paneer butter masala,2,extra butter
05/09/2026,Paneer Butter Masala,1,
05/09/2026,kadhi chawal,1,less spicy
05/09/2026,kadhi chawal,2,office tiffin
05/09/2026,kadhi chawal,4,deliver to Sector 22
05/09/2026,Kadhi Chawal,2,pickup 1pm
05/09/2026,Chole Bhature,2,deliver to Sector 22
05/09/2026,chole bhature,1,
05/09/2026,Chole Bhature,2,pickup 1pm
05/09/2026,Chole Bhature,1,
05/09/2026,chole bhature,2,
06/09/2026,dal makhani,2,
06/09/2026, DAL MAKHANI ,2,
06/09/2026, DAL MAKHANI ,4,less spicy
06/09/2026, DAL MAKHANI ,2,
06/09/2026, DAL MAKHANI ,4,less spicy
06/09/2026,rajma chawal,2,"no onion, no garlic"
06/09/2026,Rajma Chawal,2,extra butter
06/09/2026,rajma chawal,2,office tiffin
06/09/2026,Rajma Chawal,1,deliver to Sector 22
06/09/2026,Aloo Paratha,2,pickup 1pm
06/09/2026,aloo paratha,2,
06/09/2026,ALOO PARATHA,2,deliver to Sector 22
06/09/2026,aloo paratha,2,less spicy
06/09/2026,Aloo Paratha,1,
06/09/2026,Aloo Paratha,2,pickup 1pm
06/09/2026,ALOO PARATHA,1,
06/09/2026,aloo paratha,2,
06/09/2026,aloo paratha,2,office tiffin
06/09/2026,Aloo Paratha,4,office tiffin
06/09/2026,ALOO PARATHA,4,deliver to Sector 22
06/09/2026,aloo paratha,1,
06/09/2026,paneer butter masala,4,
06/09/2026,paneer butter masala,4,
06/09/2026,paneer butter masala,2,repeat customer
06/09/2026,paneer butter masala,1,
06/09/2026,Paneer Butter Masala,2,extra butter
06/09/2026,Paneer Butter Masala,2,less spicy
06/09/2026,kadhi chawal,4,
06/09/2026,Kadhi Chawal,2,"no onion, no garlic"
06/09/2026,Kadhi Chawal,1,
06/09/2026,Kadhi Chawal,1,
06/09/2026,kadhi chawal,1,repeat customer
06/09/2026,Chole Bhature,1,"no onion, no garlic"
06/09/2026,chole bhature,1,
07/09/2026, DAL MAKHANI ,1,extra butter
07/09/2026,Dal Makhani,3,
07/09/2026,Dal Makhani,4,
07/09/2026, DAL MAKHANI ,2,pickup 1pm
07/09/2026,Dal Makhani,2,
07/09/2026,rajma chawal,1,
07/09/2026,Rajma chawal,2,deliver to Sector 22
07/09/2026,rajma chawal,1,"no onion, no garlic"
07/09/2026,Rajma Chawal,1,extra butter
07/09/2026,Rajma Chawal,2,deliver to Sector 22
07/09/2026,Rajma Chawal,1,
07/09/2026,Rajma chawal,2,
07/09/2026,rajma chawal,2,deliver to Sector 22
07/09/2026,Rajma Chawal,1,extra butter
07/09/2026,rajma chawal,2,
07/09/2026,rajma chawal,2,pickup 1pm
07/09/2026,Rajma Chawal,1,"no onion, no garlic"
07/09/2026,Rajma chawal,2,pickup 1pm
07/09/2026,rajma chawal,1,
07/09/2026,Aloo Paratha,1,extra butter
07/09/2026,ALOO PARATHA,1,
07/09/2026,aloo paratha,1,
07/09/2026,ALOO PARATHA,4,extra butter
07/09/2026,aloo paratha,2,deliver to Sector 22
07/09/2026,aloo paratha,2,office tiffin
07/09/2026,aloo paratha,1,extra butter
07/09/2026,Paneer Butter Masala,2,deliver to Sector 22
07/09/2026,paneer butter masala,2,
07/09/2026,Paneer Butter Masala,3,
07/09/2026,Kadhi Chawal,4,repeat customer
07/09/2026,Kadhi Chawal,2,"no onion, no garlic"
07/09/2026,Kadhi Chawal,1,less spicy
07/09/2026,kadhi chawal,2,"no onion, no garlic"
07/09/2026,kadhi chawal,1,repeat customer
07/09/2026,chole bhature,1,
08/09/2026, DAL MAKHANI ,1,
08/09/2026,dal makhani,1,
08/09/2026,dal makhani,2,pickup 1pm
08/09/2026,dal makhani,1,
08/09/2026,Dal Makhani,4,
08/09/2026,Rajma chawal,1,repeat customer
08/09/2026,Rajma chawal,2,
08/09/2026,Rajma chawal,1,extra butter
08/09/2026,Rajma chawal,2,pickup 1pm
08/09/2026,Rajma chawal,2,repeat customer
08/09/2026,rajma chawal,1,less spicy
08/09/2026,Rajma chawal,2,
08/09/2026,Rajma Chawal,1,
08/09/2026,rajma chawal,2,
08/09/2026,Rajma Chawal,1,less spicy
08/09/2026,ALOO PARATHA,2,
08/09/2026,Aloo Paratha,2,
08/09/2026,aloo paratha,1,
08/09/2026,aloo paratha,2,
08/09/2026,Aloo Paratha,2,repeat customer
08/09/2026,Aloo Paratha,2,repeat customer
08/09/2026,aloo paratha,2,repeat customer
08/09/2026,Aloo Paratha,3,
08/09/2026,Paneer Butter Masala,2,
08/09/2026,Paneer Butter Masala,4,
08/09/2026,Paneer Butter Masala,2,extra butter
08/09/2026,Kadhi Chawal,2,extra butter
08/09/2026,Kadhi Chawal,4,office tiffin
08/09/2026,Kadhi Chawal,1,deliver to Sector 22
08/09/2026,chole bhature,2,pickup 1pm
08/09/2026,Chole Bhature,2,"no onion, no garlic"
09/09/2026,Dal Makhani,1,"no onion, no garlic"
09/09/2026, DAL MAKHANI ,2,office tiffin
09/09/2026,Dal Makhani,3,extra butter
09/09/2026,Dal Makhani,3,deliver to Sector 22
09/09/2026,dal makhani,2,
09/09/2026,Dal Makhani,2,
09/09/2026,rajma chawal,1,
09/09/2026,Rajma Chawal,2,"no onion, no garlic"
09/09/2026,rajma chawal,3,pickup 1pm
09/09/2026,Rajma Chawal,4,
09/09/2026,rajma chawal,2,
09/09/2026,Rajma chawal,2,less spicy
09/09/2026,ALOO PARATHA,2,pickup 1pm
09/09/2026,aloo paratha,1,
09/09/2026,aloo paratha,1,"no onion, no garlic"
09/09/2026,Aloo Paratha,2,pickup 1pm
09/09/2026,Aloo Paratha,1,
09/09/2026,Aloo Paratha,2,less spicy
09/09/2026,Aloo Paratha,2,extra butter
09/09/2026,ALOO PARATHA,3,deliver to Sector 22
09/09/2026,ALOO PARATHA,1,
09/09/2026,paneer butter masala,2,
09/09/2026,paneer butter masala,1,extra butter
09/09/2026,Paneer Butter Masala,1,"no onion, no garlic"
09/09/2026,Paneer Butter Masala,1,
09/09/2026,paneer butter masala,2,
09/09/2026,Paneer Butter Masala,1,
09/09/2026,kadhi chawal,1,office tiffin
09/09/2026,Kadhi Chawal,1,
09/09/2026,Kadhi Chawal,2,
09/09/2026,Kadhi Chawal,1,
09/09/2026,kadhi chawal,1,
09/09/2026,Kadhi Chawal,1,pickup 1pm
09/09/2026,kadhi chawal,3,
09/09/2026,Chole Bhature,2,
09/09/2026,chole bhature,2,"no onion, no garlic"
09/09/2026,Chole Bhature,1,
10/09/2026,Dal Makhani,3,repeat customer
10/09/2026, DAL MAKHANI ,1,repeat customer
10/09/2026,Dal Makhani,2,less spicy
10/09/2026, DAL MAKHANI ,2,office tiffin
10/09/2026,Rajma chawal,1,repeat customer
10/09/2026,rajma chawal,1,
10/09/2026,Rajma chawal,2,pickup 1pm
10/09/2026,Rajma chawal,1,deliver to Sector 22
10/09/2026,Rajma chawal,2,
10/09/2026,Rajma chawal,2,
10/09/2026,Rajma chawal,3,"no onion, no garlic"
10/09/2026,Rajma chawal,2,repeat customer
10/09/2026,rajma chawal,2,office tiffin
10/09/2026,rajma chawal,3,
10/09/2026,Rajma chawal,1,
10/09/2026,aloo paratha,3,
10/09/2026,aloo paratha,4,deliver to Sector 22
10/09/2026,Aloo Paratha,4,deliver to Sector 22
10/09/2026,Aloo Paratha,1,extra butter
10/09/2026,paneer butter masala,4,less spicy
10/09/2026,paneer butter masala,4,pickup 1pm
10/09/2026,Kadhi Chawal,4,
10/09/2026,chole bhature,2,
11/09/2026, DAL MAKHANI ,1,extra butter
11/09/2026, DAL MAKHANI ,3,
11/09/2026, DAL MAKHANI ,2,
11/09/2026,dal makhani,1,
11/09/2026,Dal Makhani,2,office tiffin
11/09/2026, DAL MAKHANI ,3,deliver to Sector 22
11/09/2026,rajma chawal,4,less spicy
11/09/2026,rajma chawal,2,pickup 1pm
11/09/2026,Rajma chawal,2,extra butter
11/09/2026,rajma chawal,2,
11/09/2026,Rajma Chawal,2,pickup 1pm
11/09/2026,Rajma chawal,1,"no onion, no garlic"
11/09/2026,ALOO PARATHA,4,deliver to Sector 22
11/09/2026,ALOO PARATHA,4,
11/09/2026,aloo paratha,1,pickup 1pm
11/09/2026,Paneer Butter Masala,1,"no onion, no garlic"
11/09/2026,paneer butter masala,4,
11/09/2026,Paneer Butter Masala,4,
11/09/2026,Paneer Butter Masala,1,deliver to Sector 22
11/09/2026,Kadhi Chawal,2,office tiffin
11/09/2026,Kadhi Chawal,2,deliver to Sector 22
11/09/2026,Kadhi Chawal,2,"no onion, no garlic"
11/09/2026,kadhi chawal,1,"no onion, no garlic"
11/09/2026,kadhi chawal,1,"no onion, no garlic"
11/09/2026,chole bhature,2,deliver to Sector 22
11/09/2026,chole bhature,1,
11/09/2026,chole bhature,2,
12/09/2026,dal makhani,2,
12/09/2026, DAL MAKHANI ,2,
12/09/2026, DAL MAKHANI ,4,office tiffin
12/09/2026, DAL MAKHANI ,4,extra butter
12/09/2026,dal makhani,1,office tiffin
12/09/2026,Rajma Chawal,2,
12/09/2026,Rajma chawal,4,deliver to Sector 22
12/09/2026,Rajma chawal,2,
12/09/2026,ALOO PARATHA,2,pickup 1pm
12/09/2026,Aloo Paratha,4,
12/09/2026,ALOO PARATHA,2,
12/09/2026,aloo paratha,2,deliver to Sector 22
12/09/2026,Aloo Paratha,1,
12/09/2026,Aloo Paratha,1,
12/09/2026,Aloo Paratha,2,
12/09/2026,ALOO PARATHA,2,less spicy
12/09/2026,ALOO PARATHA,1,less spicy
12/09/2026,ALOO PARATHA,2,extra butter
12/09/2026,ALOO PARATHA,2,
12/09/2026,Aloo Paratha,2,
12/09/2026,paneer butter masala,3,extra butter
12/09/2026,Paneer Butter Masala,2,pickup 1pm
12/09/2026,Paneer Butter Masala,2,
12/09/2026,Paneer Butter Masala,1,office tiffin
12/09/2026,Paneer Butter Masala,1,
12/09/2026,Kadhi Chawal,1,
12/09/2026,Kadhi Chawal,1,
12/09/2026,Kadhi Chawal,2,
12/09/2026,Kadhi Chawal,3,pickup 1pm
12/09/2026,Kadhi Chawal,1,deliver to Sector 22
12/09/2026,chole bhature,4,repeat customer
12/09/2026,chole bhature,2,
12/09/2026,chole bhature,4,extra butter
12/09/2026,chole bhature,1,
12/09/2026,Chole Bhature,1,repeat customer
13/09/2026, DAL MAKHANI ,2,
13/09/2026,Dal Makhani,4,
13/09/2026,dal makhani,1,less spicy
13/09/2026,dal makhani,4,less spicy
13/09/2026,dal makhani,1,
13/09/2026,dal makhani,2,
13/09/2026,dal makhani,1,office tiffin
13/09/2026,Rajma chawal,3,extra butter
13/09/2026,Rajma chawal,2,repeat customer
13/09/2026,Rajma chawal,2,office tiffin
13/09/2026,ALOO PARATHA,3,less spicy
13/09/2026,Aloo Paratha,2,extra butter
13/09/2026,aloo paratha,1,
13/09/2026,ALOO PARATHA,4,
13/09/2026,ALOO PARATHA,1,extra butter
13/09/2026,ALOO PARATHA,2,
13/09/2026,aloo paratha,2,repeat customer
13/09/2026,Aloo Paratha,2,pickup 1pm
13/09/2026,ALOO PARATHA,3,pickup 1pm
13/09/2026,aloo paratha,2,
13/09/2026,Paneer Butter Masala,1,deliver to Sector 22
13/09/2026,paneer butter masala,3,extra butter
13/09/2026,paneer butter masala,2,office tiffin
13/09/2026,paneer butter masala,3,repeat customer
13/09/2026,paneer butter masala,2,pickup 1pm
13/09/2026,paneer butter masala,2,"no onion, no garlic"
13/09/2026,Kadhi Chawal,1,
13/09/2026,kadhi chawal,2,repeat customer
13/09/2026,Kadhi Chawal,2,
13/09/2026,kadhi chawal,2,
13/09/2026,chole bhature,3,
13/09/2026,Chole Bhature,3,
13/09/2026,chole bhature,1,
13/09/2026,chole bhature,2,
13/09/2026,Chole Bhature,4,pickup 1pm
13/09/2026,Chole Bhature,2,
13/09/2026,Chole Bhature,1,office tiffin
14/09/2026, DAL MAKHANI ,4,
14/09/2026,dal makhani,2,Ganesh Chaturthi
14/09/2026, DAL MAKHANI ,4,Ganesh Chaturthi
14/09/2026,dal makhani,2,Ganesh Chaturthi
14/09/2026,dal makhani,1,Ganesh Chaturthi
14/09/2026,dal makhani,4,Ganesh Chaturthi
14/09/2026,rajma chawal,2,
14/09/2026,Rajma Chawal,2,deliver to Sector 22
14/09/2026,rajma chawal,2,"no onion, no garlic"
14/09/2026,Rajma Chawal,2,Ganesh Chaturthi
14/09/2026,rajma chawal,2,repeat customer
14/09/2026,Rajma Chawal,2,deliver to Sector 22
14/09/2026,Rajma chawal,1,
14/09/2026,Rajma chawal,3,Ganesh Chaturthi
14/09/2026,Aloo Paratha,1,less spicy
14/09/2026,ALOO PARATHA,2,extra butter
14/09/2026,Aloo Paratha,1,Ganesh Chaturthi
14/09/2026,aloo paratha,2,office tiffin
14/09/2026,aloo paratha,3,extra butter
14/09/2026,aloo paratha,2,deliver to Sector 22
14/09/2026,Aloo Paratha,3,Ganesh Chaturthi
14/09/2026,Paneer Butter Masala,1,Ganesh Chaturthi
14/09/2026,Paneer Butter Masala,1,Ganesh Chaturthi
14/09/2026,paneer butter masala,2,Ganesh Chaturthi
14/09/2026,paneer butter masala,3,Ganesh Chaturthi
14/09/2026,Paneer Butter Masala,1,deliver to Sector 22
14/09/2026,Paneer Butter Masala,3,less spicy
14/09/2026,paneer butter masala,1,Ganesh Chaturthi
14/09/2026,Kadhi Chawal,1,Ganesh Chaturthi
14/09/2026,kadhi chawal,4,less spicy
14/09/2026,kadhi chawal,4,
14/09/2026,Chole Bhature,2,Ganesh Chaturthi
14/09/2026,Chole Bhature,4,Ganesh Chaturthi
14/09/2026,chole bhature,2,Ganesh Chaturthi
14/09/2026,chole bhature,2,office tiffin
14/09/2026,Dal Makhani,,forgot to write qty
15/09/2026,Dal Makhani,2,
15/09/2026,dal makhani,2,deliver to Sector 22
15/09/2026, DAL MAKHANI ,1,extra butter
15/09/2026, DAL MAKHANI ,2,repeat customer
15/09/2026,Rajma Chawal,2,repeat customer
15/09/2026,Rajma chawal,2,repeat customer
15/09/2026,Rajma chawal,2,extra butter
15/09/2026,Rajma chawal,1,pickup 1pm
15/09/2026,rajma chawal,3,
15/09/2026,Rajma chawal,3,
15/09/2026,aloo paratha,1,pickup 1pm
15/09/2026,Aloo Paratha,1,repeat customer
15/09/2026,Aloo Paratha,2,
15/09/2026,aloo paratha,1,
15/09/2026,Paneer Butter Masala,1,
15/09/2026,Paneer Butter Masala,2,extra butter
15/09/2026,Paneer Butter Masala,2,
15/09/2026,Paneer Butter Masala,2,repeat customer
15/09/2026,paneer butter masala,1,pickup 1pm
15/09/2026,Kadhi Chawal,1,office tiffin
15/09/2026,kadhi chawal,3,
15/09/2026,Kadhi Chawal,1,less spicy
15/09/2026,chole bhature,3,deliver to Sector 22
15/09/2026,chole bhature,1,office tiffin
15/09/2026,chole bhature,1,repeat customer
15/09/2026,Chole Bhature,1,repeat customer
16/09/2026,dal makhani,4,less spicy
16/09/2026,Dal Makhani,2,
16/09/2026,Dal Makhani,2,pickup 1pm
16/09/2026,Rajma chawal,1,extra butter
16/09/2026,Rajma chawal,2,deliver to Sector 22
16/09/2026,Rajma Chawal,4,
16/09/2026,Rajma chawal,2,office tiffin
16/09/2026,Rajma chawal,1,
16/09/2026,rajma chawal,2,pickup 1pm
16/09/2026,rajma chawal,1,
16/09/2026,Rajma chawal,1,office tiffin
16/09/2026,Aloo Paratha,2,
16/09/2026,aloo paratha,4,repeat customer
16/09/2026,aloo paratha,1,pickup 1pm
16/09/2026,ALOO PARATHA,1,pickup 1pm
16/09/2026,aloo paratha,1,deliver to Sector 22
16/09/2026,aloo paratha,1,extra butter
16/09/2026,ALOO PARATHA,1,extra butter
16/09/2026,ALOO PARATHA,2,
16/09/2026,aloo paratha,1,
16/09/2026,paneer butter masala,2,pickup 1pm
16/09/2026,Kadhi Chawal,1,
16/09/2026,kadhi chawal,3,
16/09/2026,Kadhi Chawal,2,
16/09/2026,Kadhi Chawal,1,office tiffin
16/09/2026,chole bhature,1,office tiffin
16/09/2026,chole bhature,1,deliver to Sector 22
16/09/2026,Chole Bhature,3,repeat customer
17/09/2026, DAL MAKHANI ,2,"no onion, no garlic"
17/09/2026,Dal Makhani,3,deliver to Sector 22
17/09/2026,dal makhani,1,
17/09/2026, DAL MAKHANI ,1,
17/09/2026,dal makhani,1,
17/09/2026,dal makhani,2,pickup 1pm
17/09/2026,Dal Makhani,13,"party order, 13 plates, kitty party"
17/09/2026,rajma chawal,2,pickup 1pm
17/09/2026,Rajma Chawal,1,
17/09/2026,Rajma chawal,2,
17/09/2026,rajma chawal,4,less spicy
17/09/2026,Rajma chawal,1,
17/09/2026,Rajma chawal,1,less spicy
17/09/2026,rajma chawal,4,
17/09/2026,Aloo Paratha,2,repeat customer
17/09/2026,ALOO PARATHA,1,
17/09/2026,aloo paratha,2,deliver to Sector 22
17/09/2026,Aloo Paratha,2,pickup 1pm
17/09/2026,Aloo Paratha,2,pickup 1pm
17/09/2026,paneer butter masala,2,office tiffin
17/09/2026,Paneer Butter Masala,1,
17/09/2026,Paneer Butter Masala,3,
17/09/2026,Paneer Butter Masala,2,
17/09/2026,kadhi chawal,2,repeat customer
17/09/2026,Kadhi Chawal,1,"no onion, no garlic"
17/09/2026,Kadhi Chawal,4,
17/09/2026,kadhi chawal,1,extra butter
17/09/2026,kadhi chawal,2,
17/09/2026,Chole Bhature,3,
17/09/2026,Chole Bhature,1,
17/09/2026,chole bhature,1,
17/09/2026,chole bhature,1,extra butter
17/09/2026,chole bhature,1,repeat customer
17/09/2026,Chole Bhature,1,deliver to Sector 22
18/09/2026,dal makhani,1,less spicy
18/09/2026,dal makhani,3,
18/09/2026,dal makhani,1,"no onion, no garlic"
18/09/2026, DAL MAKHANI ,1,
18/09/2026,Dal Makhani,2,extra butter
18/09/2026,Dal Makhani,2,pickup 1pm
18/09/2026,Dal Makhani,1,
18/09/2026, DAL MAKHANI ,1,deliver to Sector 22
18/09/2026,Rajma Chawal,2,
18/09/2026,Rajma chawal,1,
18/09/2026,rajma chawal,2,"no onion, no garlic"
18/09/2026,rajma chawal,2,less spicy
18/09/2026,Rajma Chawal,3,repeat customer
18/09/2026,rajma chawal,2,
18/09/2026,Aloo Paratha,1,pickup 1pm
18/09/2026,ALOO PARATHA,1,repeat customer
18/09/2026,Aloo Paratha,1,pickup 1pm
18/09/2026,aloo paratha,2,"no onion, no garlic"
18/09/2026,ALOO PARATHA,1,deliver to Sector 22
18/09/2026,ALOO PARATHA,3,
18/09/2026,Aloo Paratha,3,repeat customer
18/09/2026,ALOO PARATHA,1,pickup 1pm
18/09/2026,ALOO PARATHA,1,
18/09/2026,ALOO PARATHA,4,
18/09/2026,paneer butter masala,2,deliver to Sector 22
18/09/2026,paneer butter masala,1,pickup 1pm
18/09/2026,Paneer Butter Masala,2,extra butter
18/09/2026,paneer butter masala,2,pickup 1pm
18/09/2026,Kadhi Chawal,2,repeat customer
18/09/2026,Kadhi Chawal,1,
18/09/2026,chole bhature,1,repeat customer
18/09/2026,Chole Bhature,2,
18/09/2026,chole bhature,2,extra butter
18/09/2026,chole bhature,1,
18/09/2026,chole bhature,2,
19/09/2026,dal makhani,2,
19/09/2026,Dal Makhani,2,"no onion, no garlic"
19/09/2026, DAL MAKHANI ,2,pickup 1pm
19/09/2026,Dal Makhani,2,repeat customer
19/09/2026, DAL MAKHANI ,1,
19/09/2026,Dal Makhani,2,extra butter
19/09/2026,Rajma Chawal,2,"no onion, no garlic"
19/09/2026,Rajma chawal,2,
19/09/2026,rajma chawal,1,less spicy
19/09/2026,ALOO PARATHA,1,extra butter
19/09/2026,Aloo Paratha,3,
19/09/2026,ALOO PARATHA,1,
19/09/2026,Aloo Paratha,1,
19/09/2026,aloo paratha,2,repeat customer
19/09/2026,aloo paratha,2,
19/09/2026,ALOO PARATHA,3,
19/09/2026,ALOO PARATHA,1,office tiffin
19/09/2026,Aloo Paratha,2,extra butter
19/09/2026,aloo paratha,1,extra butter
19/09/2026,Paneer Butter Masala,2,
19/09/2026,Paneer Butter Masala,1,"no onion, no garlic"
19/09/2026,Paneer Butter Masala,1,
19/09/2026,paneer butter masala,4,deliver to Sector 22
19/09/2026,Kadhi Chawal,1,office tiffin
19/09/2026,kadhi chawal,2,"no onion, no garlic"
19/09/2026,Kadhi Chawal,2,pickup 1pm
19/09/2026,chole bhature,1,less spicy
19/09/2026,chole bhature,2,deliver to Sector 22
19/09/2026,chole bhature,3,extra butter
19/09/2026,Chole Bhature,2,office tiffin
19/09/2026,Chole Bhature,2,pickup 1pm
19/09/2026,Chole Bhature,4,pickup 1pm
19/09/2026,Rajma Chawal,two,typed in words
20/09/2026,Dal Makhani,2,less spicy
20/09/2026, DAL MAKHANI ,2,extra butter
20/09/2026,dal makhani,1,
20/09/2026,dal makhani,2,deliver to Sector 22
20/09/2026, DAL MAKHANI ,2,
20/09/2026,dal makhani,2,
20/09/2026,dal makhani,1,pickup 1pm
20/09/2026,Rajma Chawal,1,pickup 1pm
20/09/2026,Rajma chawal,2,
20/09/2026,Rajma Chawal,1,repeat customer
20/09/2026,rajma chawal,2,office tiffin
20/09/2026,Aloo Paratha,3,
20/09/2026,Aloo Paratha,2,office tiffin
20/09/2026,aloo paratha,1,
20/09/2026,Aloo Paratha,1,
20/09/2026,aloo paratha,1,less spicy
20/09/2026,aloo paratha,3,
20/09/2026,aloo paratha,1,office tiffin
20/09/2026,Aloo Paratha,3,
20/09/2026,Aloo Paratha,1,pickup 1pm
20/09/2026,Aloo Paratha,4,
20/09/2026,ALOO PARATHA,1,extra butter
20/09/2026,aloo paratha,2,repeat customer
20/09/2026,Paneer Butter Masala,2,
20/09/2026,paneer butter masala,2,pickup 1pm
20/09/2026,Paneer Butter Masala,1,less spicy
20/09/2026,paneer butter masala,1,office tiffin
20/09/2026,Paneer Butter Masala,1,
20/09/2026,Paneer Butter Masala,4,"no onion, no garlic"
20/09/2026,paneer butter masala,1,
20/09/2026,Kadhi Chawal,1,extra butter
20/09/2026,kadhi chawal,1,office tiffin
20/09/2026,kadhi chawal,2,"no onion, no garlic"
20/09/2026,chole bhature,1,"no onion, no garlic"
20/09/2026,Chole Bhature,2,repeat customer
20/09/2026,Chole Bhature,2,
20/09/2026,Chole Bhature,2,
20/09/2026,Chole Bhature,2,deliver to Sector 22
20/09/2026,chole bhature,1,pickup 1pm
20/09/2026,chole bhature,4,deliver to Sector 22
20/09/2026,chole bhature,2,
20/09/2026,Chole Bhature,1,extra butter
22/09/2026,dal makhani,1,"no onion, no garlic"
22/09/2026, DAL MAKHANI ,2,extra butter
22/09/2026,dal makhani,1,repeat customer
22/09/2026,Dal Makhani,2,repeat customer
22/09/2026,Rajma Chawal,1,
22/09/2026,rajma chawal,2,deliver to Sector 22
22/09/2026,Rajma chawal,2,"no onion, no garlic"
22/09/2026,Rajma Chawal,2,
22/09/2026,Rajma chawal,1,
22/09/2026,rajma chawal,1,less spicy
22/09/2026,Rajma Chawal,2,
22/09/2026,Rajma chawal,3,
22/09/2026,rajma chawal,1,"no onion, no garlic"
22/09/2026,Aloo Paratha,3,
22/09/2026,aloo paratha,4,
22/09/2026,aloo paratha,3,
22/09/2026,ALOO PARATHA,1,repeat customer
22/09/2026,Aloo Paratha,1,extra butter
22/09/2026,Paneer Butter Masala,2,less spicy
22/09/2026,paneer butter masala,2,office tiffin
22/09/2026,Paneer Butter Masala,3,repeat customer
22/09/2026,Kadhi Chawal,1,
22/09/2026,kadhi chawal,2,less spicy
22/09/2026,Kadhi Chawal,2,less spicy
22/09/2026,kadhi chawal,1,pickup 1pm
22/09/2026,Kadhi Chawal,1,pickup 1pm
22/09/2026,Kadhi Chawal,1,deliver to Sector 22
22/09/2026,Kadhi Chawal,20,"party order, 20 plates, kitty party"
22/09/2026,Chole Bhature,2,
22/09/2026,chole bhature,3,extra butter
23/09/2026, DAL MAKHANI ,2,deliver to Sector 22
23/09/2026,dal makhani,3,less spicy
23/09/2026,Dal Makhani,2,
23/09/2026, DAL MAKHANI ,2,repeat customer
23/09/2026,Dal Makhani,2,pickup 1pm
23/09/2026,dal makhani,1,deliver to Sector 22
23/09/2026, DAL MAKHANI ,1,pickup 1pm
23/09/2026,Rajma chawal,4,repeat customer
23/09/2026,rajma chawal,1,
23/09/2026,Rajma chawal,3,
23/09/2026,rajma chawal,1,
23/09/2026,Rajma chawal,2,office tiffin
23/09/2026,Rajma Chawal,1,repeat customer
23/09/2026,aloo paratha,3,"no onion, no garlic"
23/09/2026,Aloo Paratha,3,
23/09/2026,ALOO PARATHA,2,extra butter
23/09/2026,ALOO PARATHA,2,deliver to Sector 22
23/09/2026,Paneer Butter Masala,1,
23/09/2026,paneer butter masala,2,less spicy
23/09/2026,paneer butter masala,1,less spicy
23/09/2026,Paneer Butter Masala,2,
23/09/2026,Paneer Butter Masala,1,
23/09/2026,Kadhi Chawal,3,repeat customer
23/09/2026,Kadhi Chawal,1,
23/09/2026,Kadhi Chawal,1,extra butter
23/09/2026,Chole Bhature,2,
23/09/2026,Chole Bhature,2,
23/09/2026,Chole Bhature,2,"no onion, no garlic"
23/09/2026,chole bhature,2,"no onion, no garlic"
24/09/2026, DAL MAKHANI ,1,pickup 1pm
24/09/2026,Dal Makhani,2,
24/09/2026,Dal Makhani,2,deliver to Sector 22
24/09/2026,Dal Makhani,2,less spicy
24/09/2026,Dal Makhani,3,repeat customer
24/09/2026,Dal Makhani,1,deliver to Sector 22
24/09/2026, DAL MAKHANI ,1,repeat customer
24/09/2026,Rajma chawal,4,pickup 1pm
24/09/2026,Rajma chawal,2,
24/09/2026,Aloo Paratha,2,"no onion, no garlic"
24/09/2026,Aloo Paratha,3,less spicy
24/09/2026,aloo paratha,1,less spicy
24/09/2026,ALOO PARATHA,2,
24/09/2026,aloo paratha,2,
24/09/2026,aloo paratha,2,pickup 1pm
24/09/2026,Paneer Butter Masala,4,repeat customer
24/09/2026,Paneer Butter Masala,1,"no onion, no garlic"
24/09/2026,Kadhi Chawal,2,extra butter
24/09/2026,Kadhi Chawal,1,
24/09/2026,kadhi chawal,2,
24/09/2026,Kadhi Chawal,1,deliver to Sector 22
24/09/2026,Chole Bhature,2,deliver to Sector 22
24/09/2026,chole bhature,1,
24/09/2026,Chole Bhature,2,
24/09/2026,Chole Bhature,2,repeat customer
24/09/2026,chole bhature,1,
24/09/2026,chole bhature,1,deliver to Sector 22
24/09/2026,Chole Bhature,14,"party order, 14 plates, kitty party"
25/09/2026,Dal Makhani,2,extra butter
25/09/2026,dal makhani,2,less spicy
25/09/2026, DAL MAKHANI ,2,
25/09/2026, DAL MAKHANI ,2,repeat customer
25/09/2026,Rajma Chawal,2,
25/09/2026,Rajma chawal,2,
25/09/2026,rajma chawal,1,pickup 1pm
25/09/2026,Rajma chawal,3,office tiffin
25/09/2026,Rajma Chawal,1,
25/09/2026,Rajma Chawal,1,
25/09/2026,Rajma chawal,2,
25/09/2026,Rajma Chawal,3,
25/09/2026,Rajma Chawal,2,
25/09/2026,rajma chawal,2,office tiffin
25/09/2026,Rajma Chawal,1,office tiffin
25/09/2026,Rajma Chawal,2,deliver to Sector 22
25/09/2026,rajma chawal,1,"no onion, no garlic"
25/09/2026,ALOO PARATHA,1,
25/09/2026,Aloo Paratha,2,
25/09/2026,aloo paratha,2,pickup 1pm
25/09/2026,Aloo Paratha,2,
25/09/2026,ALOO PARATHA,2,repeat customer
25/09/2026,aloo paratha,3,deliver to Sector 22
25/09/2026,ALOO PARATHA,3,
25/09/2026,Paneer Butter Masala,3,extra butter
25/09/2026,Paneer Butter Masala,1,
25/09/2026,Kadhi Chawal,4,
25/09/2026,Kadhi Chawal,2,deliver to Sector 22
25/09/2026,Kadhi Chawal,2,
25/09/2026,kadhi chawal,1,extra butter
25/09/2026,chole bhature,1,repeat customer
25/09/2026,chole bhature,2,
25/09/2026,Chole Bhature,2,"no onion, no garlic"
25/09/2026,chole bhature,3,
25/09/2026,Chole Bhature,1,
25/09/2026,Paneer Butter Masala,-2,"refund, cold delivery"
26/09/2026, DAL MAKHANI ,1,pickup 1pm
26/09/2026,dal makhani,3,deliver to Sector 22
26/09/2026,dal makhani,2,deliver to Sector 22
26/09/2026, DAL MAKHANI ,2,"no onion, no garlic"
26/09/2026,dal makhani,1,repeat customer
26/09/2026, DAL MAKHANI ,1,
26/09/2026,Dal Makhani,2,deliver to Sector 22
26/09/2026,Dal Makhani,2,less spicy
26/09/2026,Dal Makhani,1,"no onion, no garlic"
26/09/2026, DAL MAKHANI ,1,"no onion, no garlic"
26/09/2026,Rajma chawal,4,deliver to Sector 22
26/09/2026,rajma chawal,3,extra butter
26/09/2026,Rajma chawal,1,
26/09/2026,rajma chawal,2,
26/09/2026,Rajma chawal,1,repeat customer
26/09/2026,Rajma chawal,1,less spicy
26/09/2026,aloo paratha,2,"no onion, no garlic"
26/09/2026,ALOO PARATHA,2,repeat customer
26/09/2026,Aloo Paratha,3,pickup 1pm
26/09/2026,aloo paratha,2,deliver to Sector 22
26/09/2026,ALOO PARATHA,1,"no onion, no garlic"
26/09/2026,ALOO PARATHA,2,repeat customer
26/09/2026,ALOO PARATHA,2,
26/09/2026,ALOO PARATHA,2,
26/09/2026,ALOO PARATHA,2,pickup 1pm
26/09/2026,Paneer Butter Masala,2,repeat customer
26/09/2026,paneer butter masala,3,repeat customer
26/09/2026,Paneer Butter Masala,3,less spicy
26/09/2026,Paneer Butter Masala,1,extra butter
26/09/2026,Paneer Butter Masala,1,extra butter
26/09/2026,paneer butter masala,2,
26/09/2026,Paneer Butter Masala,2,extra butter
26/09/2026,Paneer Butter Masala,3,deliver to Sector 22
26/09/2026,Kadhi Chawal,4,
26/09/2026,kadhi chawal,2,less spicy
26/09/2026,Kadhi Chawal,2,
26/09/2026,chole bhature,1,
26/09/2026,Chole Bhature,3,"no onion, no garlic"
26/09/2026,Chole Bhature,1,
26/09/2026,chole bhature,3,
26/09/2026,chole bhature,4,
26/09/2026,chole bhature,2,"no onion, no garlic"
26/09/2026,Chole Bhature,2,less spicy
27/09/2026,dal makhani,3,
27/09/2026,Dal Makhani,1,pickup 1pm
27/09/2026,dal makhani,3,pickup 1pm
27/09/2026, DAL MAKHANI ,2,"no onion, no garlic"
27/09/2026,dal makhani,4,"no onion, no garlic"
27/09/2026, DAL MAKHANI ,2,
27/09/2026, DAL MAKHANI ,1,
27/09/2026, DAL MAKHANI ,1,"no onion, no garlic"
27/09/2026,Rajma Chawal,2,less spicy
27/09/2026,ALOO PARATHA,1,deliver to Sector 22
27/09/2026,aloo paratha,1,extra butter
27/09/2026,Aloo Paratha,2,
27/09/2026,Aloo Paratha,1,less spicy
27/09/2026,ALOO PARATHA,3,"no onion, no garlic"
27/09/2026,aloo paratha,2,"no onion, no garlic"
27/09/2026,aloo paratha,1,
27/09/2026,ALOO PARATHA,1,repeat customer
27/09/2026,aloo paratha,2,office tiffin
27/09/2026,ALOO PARATHA,1,repeat customer
27/09/2026,Aloo Paratha,1,
27/09/2026,Aloo Paratha,2,extra butter
27/09/2026,Aloo Paratha,2,deliver to Sector 22
27/09/2026,aloo paratha,2,office tiffin
27/09/2026,paneer butter masala,1,
27/09/2026,Paneer Butter Masala,1,less spicy
27/09/2026,Paneer Butter Masala,4,deliver to Sector 22
27/09/2026,Paneer Butter Masala,2,
27/09/2026,paneer butter masala,2,office tiffin
27/09/2026,Paneer Butter Masala,1,less spicy
27/09/2026,paneer butter masala,3,less spicy
27/09/2026,kadhi chawal,1,
27/09/2026,kadhi chawal,2,less spicy
27/09/2026,kadhi chawal,2,
27/09/2026,Kadhi Chawal,2,"no onion, no garlic"
27/09/2026,Chole Bhature,1,extra butter
27/09/2026,Chole Bhature,1,less spicy
27/09/2026,chole bhature,4,pickup 1pm
27/09/2026,Chole Bhature,1,
27/09/2026,Chole Bhature,3,deliver to Sector 22
27/09/2026,Chole Bhature,3,
27/09/2026,chole bhature,1,repeat customer
27/09/2026,Chole Bhature,2,
28/09/2026,Dal Makhani,2,"no onion, no garlic"
28/09/2026,Dal Makhani,2,"no onion, no garlic"
28/09/2026, DAL MAKHANI ,2,repeat customer
28/09/2026,Dal Makhani,2,"no onion, no garlic"
28/09/2026,dal makhani,2,
28/09/2026,rajma chawal,2,
28/09/2026,rajma chawal,4,
28/09/2026,rajma chawal,4,
28/09/2026,Rajma Chawal,2,
28/09/2026,rajma chawal,1,
28/09/2026,Aloo Paratha,2,extra butter
28/09/2026,ALOO PARATHA,2,
28/09/2026,Aloo Paratha,1,deliver to Sector 22
28/09/2026,Aloo Paratha,3,deliver to Sector 22
28/09/2026,ALOO PARATHA,3,deliver to Sector 22
28/09/2026,Aloo Paratha,2,
28/09/2026,ALOO PARATHA,1,pickup 1pm
28/09/2026,Paneer Butter Masala,1,office tiffin
28/09/2026,paneer butter masala,2,office tiffin
28/09/2026,Paneer Butter Masala,2,"no onion, no garlic"
28/09/2026,paneer butter masala,1,"no onion, no garlic"
28/09/2026,paneer butter masala,2,less spicy
28/09/2026,kadhi chawal,1,pickup 1pm
28/09/2026,kadhi chawal,1,
28/09/2026,Kadhi Chawal,3,"no onion, no garlic"
28/09/2026,Kadhi Chawal,1,less spicy
28/09/2026,Chole Bhature,2,pickup 1pm
28/09/2026,Chole Bhature,2,
28/09/2026,chole bhature,1,office tiffin
28/09/2026,chole bhature,2,extra butter
28/09/2026,chole bhature,1,
29/09/2026,Dal Makhani,2,
29/09/2026,dal makhani,3,deliver to Sector 22
29/09/2026,Dal Makhani,1,less spicy
29/09/2026, DAL MAKHANI ,3,pickup 1pm
29/09/2026,Rajma chawal,1,extra butter
29/09/2026,rajma chawal,2,"no onion, no garlic"
29/09/2026,Rajma chawal,1,pickup 1pm
29/09/2026,Rajma chawal,2,less spicy
29/09/2026,Rajma chawal,1,deliver to Sector 22
29/09/2026,Rajma chawal,2,
29/09/2026,rajma chawal,1,repeat customer
29/09/2026,Rajma Chawal,2,deliver to Sector 22
29/09/2026,Rajma Chawal,2,repeat customer
29/09/2026,Rajma Chawal,4,pickup 1pm
29/09/2026,Rajma chawal,1,pickup 1pm
29/09/2026,aloo paratha,4,pickup 1pm
29/09/2026,aloo paratha,2,pickup 1pm
29/09/2026,Aloo Paratha,3,
29/09/2026,Aloo Paratha,1,
29/09/2026,Aloo Paratha,2,"no onion, no garlic"
29/09/2026,paneer butter masala,1,"no onion, no garlic"
29/09/2026,Paneer Butter Masala,3,repeat customer
29/09/2026,paneer butter masala,2,repeat customer
29/09/2026,Paneer Butter Masala,1,"no onion, no garlic"
29/09/2026,kadhi chawal,4,less spicy
29/09/2026,Kadhi Chawal,3,
29/09/2026,kadhi chawal,2,less spicy
29/09/2026,Kadhi Chawal,1,deliver to Sector 22
29/09/2026,Chole Bhature,2,pickup 1pm
29/09/2026,chole bhature,2,extra butter
29/09/2026,Chole Bhature,1,
29/09/2026,Chole Bhature,2,
30/09/2026,Dal Makhani,2,
30/09/2026, DAL MAKHANI ,2,
30/09/2026,dal makhani,1,office tiffin
30/09/2026, DAL MAKHANI ,1,less spicy
30/09/2026, DAL MAKHANI ,3,office tiffin
30/09/2026,rajma chawal,2,extra butter
30/09/2026,rajma chawal,2,
30/09/2026,rajma chawal,1,
30/09/2026,Rajma Chawal,3,repeat customer
30/09/2026,Rajma Chawal,4,office tiffin
30/09/2026,Rajma chawal,2,office tiffin
30/09/2026,Aloo Paratha,3,
30/09/2026,aloo paratha,2,repeat customer
30/09/2026,Aloo Paratha,1,"no onion, no garlic"
30/09/2026,aloo paratha,3,
30/09/2026,ALOO PARATHA,1,"no onion, no garlic"
30/09/2026,Paneer Butter Masala,2,
30/09/2026,Paneer Butter Masala,2,deliver to Sector 22
30/09/2026,paneer butter masala,2,
30/09/2026,kadhi chawal,1,repeat customer
30/09/2026,kadhi chawal,2,deliver to Sector 22
30/09/2026,kadhi chawal,3,deliver to Sector 22
30/09/2026,kadhi chawal,2,
30/09/2026,kadhi chawal,1,deliver to Sector 22
30/09/2026,chole bhature,1,
30/09/2026,Chole Bhature,2,extra butter
30/09/2026,Chole Bhature,4,deliver to Sector 22
30/09/2026,,3,dish not written
01/10/2026, DAL MAKHANI ,3,repeat customer
01/10/2026,Dal Makhani,2,"no onion, no garlic"
01/10/2026,dal makhani,3,
01/10/2026,dal makhani,2,deliver to Sector 22
01/10/2026, DAL MAKHANI ,3,office tiffin
01/10/2026,Rajma Chawal,3,"no onion, no garlic"
01/10/2026,rajma chawal,1,office tiffin
01/10/2026,Rajma Chawal,1,extra butter
01/10/2026,Rajma Chawal,1,less spicy
01/10/2026,rajma chawal,4,
01/10/2026,Rajma chawal,1,"no onion, no garlic"
01/10/2026,rajma chawal,2,extra butter
01/10/2026,ALOO PARATHA,1,extra butter
01/10/2026,Aloo Paratha,4,extra butter
01/10/2026,ALOO PARATHA,4,pickup 1pm
01/10/2026,paneer butter masala,1,
01/10/2026,paneer butter masala,3,extra butter
01/10/2026,Paneer Butter Masala,4,office tiffin
01/10/2026,Paneer Butter Masala,2,pickup 1pm
01/10/2026,Paneer Butter Masala,1,extra butter
01/10/2026,kadhi chawal,2,extra butter
01/10/2026,Chole Bhature,1,pickup 1pm
01/10/2026,chole bhature,2,pickup 1pm
01/10/2026,Chole Bhature,1,"no onion, no garlic"
01/10/2026,Chole Bhature,2,
01/10/2026,chole bhature,2,"no onion, no garlic"
01/10/2026,Chole Bhature,2,pickup 1pm
01/10/2026,chole bhature,3,office tiffin
02/10/2026, DAL MAKHANI ,2,Gandhi Jayanti
02/10/2026,dal makhani,2,repeat customer
02/10/2026,dal makhani,3,pickup 1pm
02/10/2026, DAL MAKHANI ,2,Gandhi Jayanti
02/10/2026, DAL MAKHANI ,3,Gandhi Jayanti
02/10/2026,Rajma Chawal,2,Gandhi Jayanti
02/10/2026,Rajma chawal,3,
02/10/2026,rajma chawal,2,Gandhi Jayanti
02/10/2026,rajma chawal,2,Gandhi Jayanti
02/10/2026,Rajma chawal,4,deliver to Sector 22
02/10/2026,rajma chawal,1,Gandhi Jayanti
02/10/2026,Rajma chawal,3,Gandhi Jayanti
02/10/2026,Rajma chawal,1,extra butter
02/10/2026,ALOO PARATHA,1,Gandhi Jayanti
02/10/2026,aloo paratha,4,Gandhi Jayanti
02/10/2026,Aloo Paratha,2,Gandhi Jayanti
02/10/2026,Aloo Paratha,1,deliver to Sector 22
02/10/2026,ALOO PARATHA,2,Gandhi Jayanti
02/10/2026,Paneer Butter Masala,2,office tiffin
02/10/2026,paneer butter masala,4,pickup 1pm
02/10/2026,paneer butter masala,1,Gandhi Jayanti
02/10/2026,paneer butter masala,1,
02/10/2026,Paneer Butter Masala,2,extra butter
02/10/2026,paneer butter masala,4,
02/10/2026,Paneer Butter Masala,1,less spicy
02/10/2026,Paneer Butter Masala,3,pickup 1pm
02/10/2026,paneer butter masala,1,Gandhi Jayanti
02/10/2026,kadhi chawal,2,
02/10/2026,Kadhi Chawal,1,Gandhi Jayanti
02/10/2026,Chole Bhature,3,Gandhi Jayanti
02/10/2026,chole bhature,2,
02/10/2026,Chole Bhature,2,Gandhi Jayanti
02/10/2026,Chole Bhature,2,pickup 1pm
02/10/2026,Chole Bhature,4,Gandhi Jayanti
02/10/2026,Chole Bhature,3,Gandhi Jayanti
02/10/2026,Chole Bhature,2,repeat customer
02/10/2026,Chole Bhature,4,Gandhi Jayanti
02/10/2026,chole bhature,2,Gandhi Jayanti
03/10/2026,Dal Makhani,3,
03/10/2026,Dal Makhani,2,
03/10/2026,dal makhani,4,
03/10/2026,Dal Makhani,1,office tiffin
03/10/2026,dal makhani,1,
03/10/2026,dal makhani,1,
03/10/2026, DAL MAKHANI ,1,
03/10/2026,Rajma Chawal,2,pickup 1pm
03/10/2026,Rajma Chawal,2,repeat customer
03/10/2026,Rajma Chawal,3,
03/10/2026,Rajma Chawal,2,office tiffin
03/10/2026,Rajma chawal,1,
03/10/2026,Rajma chawal,1,
03/10/2026,Rajma Chawal,2,
03/10/2026,rajma chawal,1,office tiffin
03/10/2026,Aloo Paratha,1,pickup 1pm
03/10/2026,ALOO PARATHA,2,pickup 1pm
03/10/2026,aloo paratha,1,less spicy
03/10/2026,Aloo Paratha,3,deliver to Sector 22
03/10/2026,ALOO PARATHA,2,"no onion, no garlic"
03/10/2026,Aloo Paratha,2,
03/10/2026,Aloo Paratha,1,
03/10/2026,ALOO PARATHA,1,less spicy
03/10/2026,aloo paratha,4,office tiffin
03/10/2026,ALOO PARATHA,2,office tiffin
03/10/2026,aloo paratha,4,
03/10/2026,Aloo Paratha,1,"no onion, no garlic"
03/10/2026,aloo paratha,2,extra butter
03/10/2026,Paneer Butter Masala,3,repeat customer
03/10/2026,Paneer Butter Masala,1,
03/10/2026,paneer butter masala,2,repeat customer
03/10/2026,paneer butter masala,2,
03/10/2026,kadhi chawal,2,
03/10/2026,Kadhi Chawal,2,repeat customer
03/10/2026,Kadhi Chawal,2,extra butter
03/10/2026,chole bhature,2,
03/10/2026,chole bhature,2,"no onion, no garlic"
03/10/2026,chole bhature,1,deliver to Sector 22
03/10/2026,chole bhature,2,pickup 1pm
03/10/2026,chole bhature,2,"no onion, no garlic"
03/10/2026,Chole Bhature,3,
03/10/2026,Chole Bhature,4,"no onion, no garlic"
03/10/2026,chole bhature,2,less spicy
03/10/2026,Chole Bhature,1,office tiffin
03/10/2026,chole bhature,1,pickup 1pm
03/10/2026,Chole Bhature,1,less spicy
04/10/2026,Dal Makhani,2,
04/10/2026, DAL MAKHANI ,1,office tiffin
04/10/2026,Dal Makhani,2,repeat customer
04/10/2026,dal makhani,4,
04/10/2026,dal makhani,2,
04/10/2026,Rajma chawal,1,office tiffin
04/10/2026,rajma chawal,3,
04/10/2026,Rajma chawal,3,office tiffin
04/10/2026,Aloo Paratha,1,
04/10/2026,ALOO PARATHA,1,
04/10/2026,Aloo Paratha,2,
04/10/2026,ALOO PARATHA,3,less spicy
04/10/2026,Aloo Paratha,1,
04/10/2026,ALOO PARATHA,4,pickup 1pm
04/10/2026,aloo paratha,4,pickup 1pm
04/10/2026,ALOO PARATHA,4,repeat customer
04/10/2026,aloo paratha,2,deliver to Sector 22
04/10/2026,ALOO PARATHA,2,
04/10/2026,Aloo Paratha,2,pickup 1pm
04/10/2026,Aloo Paratha,1,repeat customer
04/10/2026,aloo paratha,2,office tiffin
04/10/2026,ALOO PARATHA,1,
04/10/2026,Paneer Butter Masala,3,pickup 1pm
04/10/2026,Paneer Butter Masala,2,repeat customer
04/10/2026,paneer butter masala,1,
04/10/2026,Paneer Butter Masala,1,pickup 1pm
04/10/2026,Paneer Butter Masala,2,office tiffin
04/10/2026,paneer butter masala,4,"no onion, no garlic"
04/10/2026,Paneer Butter Masala,2,
04/10/2026,Paneer Butter Masala,2,"no onion, no garlic"
04/10/2026,paneer butter masala,1,repeat customer
04/10/2026,kadhi chawal,2,pickup 1pm
04/10/2026,Kadhi Chawal,2,
04/10/2026,chole bhature,3,extra butter
04/10/2026,Chole Bhature,2,office tiffin
04/10/2026,chole bhature,1,
04/10/2026,chole bhature,2,
04/10/2026,Chole Bhature,3,less spicy
04/10/2026,Chole Bhature,1,deliver to Sector 22
04/10/2026,Chole Bhature,3,"no onion, no garlic"
04/10/2026,chole bhature,3,
04/10/2026,chole bhature,1,repeat customer
04/10/2026,chole bhature,1,office tiffin
